{"PREVALENCE_BY_GENDER_AGE_YEAR":{"TRELLIS_NAME":["80-89","80-89","30-39","60-69","70-79","80-89"],"SERIES_NAME":["FEMALE","FEMALE","MALE","FEMALE","FEMALE","FEMALE"],"X_CALENDAR_YEAR":["2008","2009","2009","2009","2009","2010"],"Y_PREVALENCE_1000PP":[0.06961,0.2016,0.97943,0.15497,0.18355,0.06502]},"PREVALENCE_BY_MONTH":{"X_CALENDAR_MONTH":[],"Y_PREVALENCE_1000PP":[]},"CONDITIONS_BY_TYPE":{"CONCEPT_NAME":[],"COUNT_VALUE":[]},"AGE_AT_FIRST_DIAGNOSIS":{"CATEGORY":["FEMALE","MALE"],"MIN_VALUE":[65,37],"P10_VALUE":[66,37],"P25_VALUE":[71,37],"MEDIAN_VALUE":[79,37],"P75_VALUE":[86,37],"P90_VALUE":[88,37],"MAX_VALUE":[88,37]}}
