{"PREVALENCE_BY_GENDER_AGE_YEAR":{"TRELLIS_NAME":["80-89","60-69","90-99","60-69","70-79","90-99","40-49","70-79","50-59","50-59","40-49","80-89","50-59","80-89","70-79","80-89","60-69","20-29","60-69","50-59","70-79","80-89","70-79","50-59","80-89","70-79","90-99","30-39"],"SERIES_NAME":["MALE","MALE","MALE","FEMALE","MALE","FEMALE","FEMALE","FEMALE","FEMALE","MALE","MALE","FEMALE","MALE","FEMALE","MALE","MALE","MALE","FEMALE","FEMALE","FEMALE","FEMALE","MALE","MALE","MALE","FEMALE","FEMALE","FEMALE","MALE"],"X_CALENDAR_YEAR":["2008","2008","2008","2008","2008","2008","2008","2008","2008","2008","2008","2008","2009","2009","2009","2009","2009","2009","2009","2009","2009","2010","2010","2010","2010","2010","2010","2010"],"Y_PREVALENCE_1000PP":[0.33872,0.34889,0.64851,0.1932,0.51538,0.25088,0.49727,0.55679,0.60938,0.27518,1.32685,0.48726,0.59844,0.4032,0.16872,0.20923,0.25597,3.7594,0.4649,0.63877,0.3212,0.1944,0.10874,0.31666,0.32512,0.13489,0.38204,1.04493]},"PREVALENCE_BY_MONTH":{"X_CALENDAR_MONTH":["200801","200901","201001"],"Y_PREVALENCE_1000PP":[0.01791,0.01842,0.00934]},"CONDITIONS_BY_TYPE":{"CONCEPT_NAME":[],"COUNT_VALUE":[]},"AGE_AT_FIRST_DIAGNOSIS":{"CATEGORY":["FEMALE","MALE"],"MIN_VALUE":[26,37],"P10_VALUE":[58,45],"P25_VALUE":[69,63],"MEDIAN_VALUE":[76,71],"P75_VALUE":[83,77],"P90_VALUE":[89,82],"MAX_VALUE":[99,92]}}
