{"PREVALENCE_BY_GENDER_AGE_YEAR":{"TRELLIS_NAME":["60-69","50-59","70-79"],"SERIES_NAME":["MALE","MALE","FEMALE"],"X_CALENDAR_YEAR":["2008","2009","2009"],"Y_PREVALENCE_1000PP":[0.06978,0.29922,0.04589]},"PREVALENCE_BY_MONTH":{"X_CALENDAR_MONTH":[],"Y_PREVALENCE_1000PP":[]},"CONDITIONS_BY_TYPE":{"CONCEPT_NAME":[],"COUNT_VALUE":[]},"AGE_AT_FIRST_DIAGNOSIS":{"CATEGORY":["FEMALE","MALE"],"MIN_VALUE":[74,52],"P10_VALUE":[74,52],"P25_VALUE":[74,52],"MEDIAN_VALUE":[74,52],"P75_VALUE":[74,61],"P90_VALUE":[74,61],"MAX_VALUE":[74,61]}}
