{"PREVALENCE_BY_GENDER_AGE_YEAR":{"TRELLIS_NAME":["60-69","90-99","60-69","50-59","90-99","70-79","80-89","70-79","80-89","70-79","80-89","70-79","50-59","90-99","100-109","80-89","50-59","40-49","60-69","60-69","80-89","60-69","70-79","90-99","70-79","90-99","50-59","50-59"],"SERIES_NAME":["MALE","MALE","FEMALE","MALE","FEMALE","FEMALE","FEMALE","MALE","MALE","MALE","FEMALE","FEMALE","FEMALE","FEMALE","FEMALE","MALE","MALE","MALE","MALE","FEMALE","FEMALE","MALE","FEMALE","FEMALE","MALE","MALE","MALE","FEMALE"],"X_CALENDAR_YEAR":["2008","2008","2008","2008","2008","2008","2008","2008","2008","2009","2009","2009","2009","2009","2009","2009","2009","2009","2009","2009","2010","2010","2010","2010","2010","2010","2010","2010"],"Y_PREVALENCE_1000PP":[0.13956,0.64851,0.2576,0.27518,0.50176,0.1856,0.34804,0.40085,0.33872,0.33744,0.1344,0.22943,0.63877,0.43563,2.53807,0.41845,0.59844,0.98377,0.3413,0.38742,0.06502,0.10323,0.08993,0.19102,0.10874,0.8489,0.31666,0.33887]},"PREVALENCE_BY_MONTH":{"X_CALENDAR_MONTH":["200801","201001"],"Y_PREVALENCE_1000PP":[0.00895,0.01867]},"CONDITIONS_BY_TYPE":{"CONCEPT_NAME":[],"COUNT_VALUE":[]},"AGE_AT_FIRST_DIAGNOSIS":{"CATEGORY":["FEMALE","MALE"],"MIN_VALUE":[50,47],"P10_VALUE":[60,58],"P25_VALUE":[67,65],"MEDIAN_VALUE":[78,74],"P75_VALUE":[83,80],"P90_VALUE":[95,88],"MAX_VALUE":[100,98]}}
