{"PREVALENCE_BY_GENDER_AGE_YEAR":{"TRELLIS_NAME":["50-59","70-79","80-89","80-89"],"SERIES_NAME":["FEMALE","FEMALE","MALE","FEMALE"],"X_CALENDAR_YEAR":["2008","2009","2009","2010"],"Y_PREVALENCE_1000PP":[0.30469,0.04589,0.10461,0.06502]},"PREVALENCE_BY_MONTH":{"X_CALENDAR_MONTH":"200901","Y_PREVALENCE_1000PP":0.00921},"CONDITIONS_BY_TYPE":{"CONCEPT_NAME":[],"COUNT_VALUE":[]},"AGE_AT_FIRST_DIAGNOSIS":{"CATEGORY":["FEMALE","MALE"],"MIN_VALUE":[52,82],"P10_VALUE":[52,82],"P25_VALUE":[52,82],"MEDIAN_VALUE":[71,82],"P75_VALUE":[85,82],"P90_VALUE":[85,82],"MAX_VALUE":[85,82]}}
