{"PREVALENCE_BY_GENDER_AGE_YEAR":{"TRELLIS_NAME":["80-89","70-79","80-89","70-79","90-99","60-69","90-99","60-69","50-59","60-69","60-69","90-99","50-59","70-79","20-29","80-89","50-59","70-79","80-89","70-79","80-89","70-79","80-89","60-69","60-69","90-99","50-59","50-59"],"SERIES_NAME":["MALE","MALE","FEMALE","FEMALE","FEMALE","FEMALE","MALE","MALE","FEMALE","MALE","FEMALE","FEMALE","FEMALE","FEMALE","FEMALE","FEMALE","MALE","MALE","MALE","FEMALE","FEMALE","MALE","MALE","MALE","FEMALE","FEMALE","MALE","FEMALE"],"X_CALENDAR_YEAR":["2008","2008","2008","2008","2008","2008","2008","2008","2008","2009","2009","2009","2009","2009","2009","2009","2009","2009","2009","2010","2010","2010","2010","2010","2010","2010","2010","2010"],"Y_PREVALENCE_1000PP":[0.33872,0.28632,0.13922,0.2784,0.25088,0.0644,1.29702,0.13956,0.60938,0.42662,0.15497,0.65345,0.63877,0.18355,3.7594,0.2688,0.29922,0.39368,0.10461,0.17986,0.13005,0.16311,0.1944,0.10323,0.09473,0.19102,0.31666,0.33887]},"PREVALENCE_BY_MONTH":{"X_CALENDAR_MONTH":["200801","200901","201001"],"Y_PREVALENCE_1000PP":[0.00895,0.02764,0.01867]},"CONDITIONS_BY_TYPE":{"CONCEPT_NAME":[],"COUNT_VALUE":[]},"AGE_AT_FIRST_DIAGNOSIS":{"CATEGORY":["FEMALE","MALE"],"MIN_VALUE":[27,58],"P10_VALUE":[54,64],"P25_VALUE":[69,67],"MEDIAN_VALUE":[74,72],"P75_VALUE":[83,78],"P90_VALUE":[90,83],"MAX_VALUE":[96,97]}}
