{"PREVALENCE_BY_GENDER_AGE_YEAR":{"TRELLIS_NAME":["40-49","70-79","70-79","60-69","70-79","80-89"],"SERIES_NAME":["MALE","FEMALE","MALE","FEMALE","FEMALE","FEMALE"],"X_CALENDAR_YEAR":["2008","2009","2009","2009","2010","2010"],"Y_PREVALENCE_1000PP":[0.44228,0.04589,0.05624,0.07748,0.04496,0.13005]},"PREVALENCE_BY_MONTH":{"X_CALENDAR_MONTH":"201001","Y_PREVALENCE_1000PP":0.00934},"CONDITIONS_BY_TYPE":{"CONCEPT_NAME":[],"COUNT_VALUE":[]},"AGE_AT_FIRST_DIAGNOSIS":{"CATEGORY":["FEMALE","MALE"],"MIN_VALUE":[68,42],"P10_VALUE":[68,42],"P25_VALUE":[73,42],"MEDIAN_VALUE":[74,42],"P75_VALUE":[81,76],"P90_VALUE":[87,76],"MAX_VALUE":[87,76]}}
