{"PREVALENCE_BY_GENDER_AGE_YEAR":{"TRELLIS_NAME":["40-49","60-69","90-99","70-79","80-89","70-79","90-99","60-69","50-59","60-69","80-89","70-79","70-79","50-59","70-79","70-79"],"SERIES_NAME":["FEMALE","FEMALE","MALE","MALE","FEMALE","FEMALE","FEMALE","FEMALE","FEMALE","MALE","MALE","MALE","FEMALE","MALE","MALE","FEMALE"],"X_CALENDAR_YEAR":["2008","2008","2008","2008","2008","2008","2009","2009","2009","2009","2009","2009","2009","2009","2010","2010"],"Y_PREVALENCE_1000PP":[0.49727,0.0644,0.64851,0.05726,0.13922,0.0464,0.21782,0.15497,0.31939,0.08532,0.10461,0.11248,0.09177,0.89767,0.05437,0.08993]},"PREVALENCE_BY_MONTH":{"X_CALENDAR_MONTH":["200801","200901"],"Y_PREVALENCE_1000PP":[0.00895,0.01842]},"CONDITIONS_BY_TYPE":{"CONCEPT_NAME":[],"COUNT_VALUE":[]},"AGE_AT_FIRST_DIAGNOSIS":{"CATEGORY":["FEMALE","MALE"],"MIN_VALUE":[47,51],"P10_VALUE":[58,51],"P25_VALUE":[65,59],"MEDIAN_VALUE":[73,74],"P75_VALUE":[77,78],"P90_VALUE":[88,86],"MAX_VALUE":[94,96]}}
