{"PREVALENCE_BY_GENDER_AGE_YEAR":{"TRELLIS_NAME":["70-79","70-79","40-49","90-99","70-79","70-79","70-79"],"SERIES_NAME":["MALE","FEMALE","MALE","FEMALE","FEMALE","MALE","FEMALE"],"X_CALENDAR_YEAR":["2008","2008","2009","2009","2009","2009","2010"],"Y_PREVALENCE_1000PP":[0.05726,0.0928,0.49188,0.21782,0.04589,0.11248,0.13489]},"PREVALENCE_BY_MONTH":{"X_CALENDAR_MONTH":[],"Y_PREVALENCE_1000PP":[]},"CONDITIONS_BY_TYPE":{"CONCEPT_NAME":[],"COUNT_VALUE":[]},"AGE_AT_FIRST_DIAGNOSIS":{"CATEGORY":["FEMALE","MALE"],"MIN_VALUE":[72,49],"P10_VALUE":[72,49],"P25_VALUE":[73,49],"MEDIAN_VALUE":[75,75],"P75_VALUE":[79,78],"P90_VALUE":[90,79],"MAX_VALUE":[90,79]}}
