{"PREVALENCE_BY_GENDER_AGE_YEAR":{"TRELLIS_NAME":["70-79","70-79","80-89","60-69","90-99","60-69","60-69","80-89","70-79","80-89","70-79","50-59","90-99","80-89","40-49","70-79","80-89","60-69"],"SERIES_NAME":["MALE","FEMALE","FEMALE","FEMALE","MALE","MALE","FEMALE","FEMALE","FEMALE","MALE","MALE","MALE","FEMALE","MALE","FEMALE","FEMALE","FEMALE","FEMALE"],"X_CALENDAR_YEAR":["2008","2008","2008","2008","2009","2009","2009","2009","2009","2009","2009","2009","2010","2010","2010","2010","2010","2010"],"Y_PREVALENCE_1000PP":[0.11453,0.0928,0.06961,0.1288,0.52219,0.08532,0.07748,0.0672,0.04589,0.20923,0.05624,0.29922,0.57307,0.0972,0.58241,0.08993,0.06502,0.09473]},"PREVALENCE_BY_MONTH":{"X_CALENDAR_MONTH":[],"Y_PREVALENCE_1000PP":[]},"CONDITIONS_BY_TYPE":{"CONCEPT_NAME":[],"COUNT_VALUE":[]},"AGE_AT_FIRST_DIAGNOSIS":{"CATEGORY":["FEMALE","MALE"],"MIN_VALUE":[48,54],"P10_VALUE":[61,54],"P25_VALUE":[68,71],"MEDIAN_VALUE":[76,78],"P75_VALUE":[82,84],"P90_VALUE":[91,90],"MAX_VALUE":[95,90]}}
