{"PREVALENCE_BY_GENDER_AGE_YEAR":{"TRELLIS_NAME":["60-69","80-89","60-69","70-79","70-79","60-69"],"SERIES_NAME":["FEMALE","FEMALE","FEMALE","FEMALE","FEMALE","MALE"],"X_CALENDAR_YEAR":["2008","2008","2009","2009","2010","2010"],"Y_PREVALENCE_1000PP":[0.0644,0.06961,0.15497,0.04589,0.04496,0.10323]},"PREVALENCE_BY_MONTH":{"X_CALENDAR_MONTH":"200901","Y_PREVALENCE_1000PP":0.00921},"CONDITIONS_BY_TYPE":{"CONCEPT_NAME":[],"COUNT_VALUE":[]},"AGE_AT_FIRST_DIAGNOSIS":{"CATEGORY":["FEMALE","MALE"],"MIN_VALUE":[63,65],"P10_VALUE":[63,65],"P25_VALUE":[66,65],"MEDIAN_VALUE":[69,65],"P75_VALUE":[75,65],"P90_VALUE":[81,65],"MAX_VALUE":[81,65]}}
