{"PREVALENCE_BY_GENDER_AGE_YEAR":{"TRELLIS_NAME":["60-69","60-69","80-89","70-79","70-79","40-49","50-59","50-59","60-69","90-99","60-69","80-89","70-79","70-79","80-89","50-59","50-59","100-109","90-99"],"SERIES_NAME":["MALE","FEMALE","FEMALE","FEMALE","MALE","MALE","MALE","FEMALE","MALE","FEMALE","FEMALE","FEMALE","FEMALE","MALE","MALE","MALE","FEMALE","FEMALE","FEMALE"],"X_CALENDAR_YEAR":["2008","2008","2008","2008","2008","2008","2008","2009","2009","2009","2009","2009","2009","2009","2009","2010","2010","2010","2010"],"Y_PREVALENCE_1000PP":[0.20934,0.0644,0.06961,0.0464,0.05726,0.44228,0.27518,0.31939,0.17065,0.21782,0.07748,0.0672,0.09177,0.05624,0.20923,0.31666,0.33887,1.2837,0.57307]},"PREVALENCE_BY_MONTH":{"X_CALENDAR_MONTH":[],"Y_PREVALENCE_1000PP":[]},"CONDITIONS_BY_TYPE":{"CONCEPT_NAME":[],"COUNT_VALUE":[]},"AGE_AT_FIRST_DIAGNOSIS":{"CATEGORY":["FEMALE","MALE"],"MIN_VALUE":[55,46],"P10_VALUE":[55,55],"P25_VALUE":[67,59],"MEDIAN_VALUE":[78,66],"P75_VALUE":[93,73],"P90_VALUE":[95,82],"MAX_VALUE":[101,86]}}
