{"PREVALENCE_BY_GENDER_AGE_YEAR":{"TRELLIS_NAME":["80-89","80-89","70-79","70-79","80-89","80-89","70-79"],"SERIES_NAME":["MALE","FEMALE","FEMALE","FEMALE","MALE","FEMALE","FEMALE"],"X_CALENDAR_YEAR":["2008","2008","2008","2009","2010","2010","2010"],"Y_PREVALENCE_1000PP":[0.11291,0.06961,0.1392,0.04589,0.0972,0.06502,0.04496]},"PREVALENCE_BY_MONTH":{"X_CALENDAR_MONTH":"201001","Y_PREVALENCE_1000PP":0.00934},"CONDITIONS_BY_TYPE":{"CONCEPT_NAME":[],"COUNT_VALUE":[]},"AGE_AT_FIRST_DIAGNOSIS":{"CATEGORY":["FEMALE","MALE"],"MIN_VALUE":[70,81],"P10_VALUE":[70,81],"P25_VALUE":[71,81],"MEDIAN_VALUE":[71,81],"P75_VALUE":[81,83],"P90_VALUE":[88,83],"MAX_VALUE":[88,83]}}
