{"PREVALENCE_BY_GENDER_AGE_YEAR":{"TRELLIS_NAME":["60-69","50-59","70-79"],"SERIES_NAME":["MALE","MALE","FEMALE"],"X_CALENDAR_YEAR":["2008","2010","2010"],"Y_PREVALENCE_1000PP":[0.06978,0.31666,0.04496]},"PREVALENCE_BY_MONTH":{"X_CALENDAR_MONTH":[],"Y_PREVALENCE_1000PP":[]},"CONDITIONS_BY_TYPE":{"CONCEPT_NAME":[],"COUNT_VALUE":[]},"AGE_AT_FIRST_DIAGNOSIS":{"CATEGORY":["FEMALE","MALE"],"MIN_VALUE":[78,51],"P10_VALUE":[78,51],"P25_VALUE":[78,51],"MEDIAN_VALUE":[78,51],"P75_VALUE":[78,67],"P90_VALUE":[78,67],"MAX_VALUE":[78,67]}}
