{"PREVALENCE_BY_GENDER_AGE_YEAR":{"TRELLIS_NAME":["50-59","70-79","80-89","70-79","80-89","60-69","90-99","60-69","60-69","90-99","60-69","80-89","70-79","80-89","70-79","50-59","40-49","80-89","70-79","30-39","70-79","60-69"],"SERIES_NAME":["MALE","MALE","MALE","FEMALE","FEMALE","FEMALE","FEMALE","MALE","MALE","FEMALE","FEMALE","FEMALE","FEMALE","MALE","MALE","MALE","MALE","FEMALE","FEMALE","FEMALE","MALE","FEMALE"],"X_CALENDAR_YEAR":["2008","2008","2008","2008","2008","2008","2008","2008","2009","2009","2009","2009","2009","2009","2009","2009","2009","2010","2010","2010","2010","2010"],"Y_PREVALENCE_1000PP":[0.55036,0.05726,0.45162,0.0464,0.13922,0.1288,0.25088,0.27912,0.08532,0.65345,0.07748,0.4032,0.22943,0.52307,0.22496,0.29922,0.49188,0.13005,0.22482,1.19048,0.16311,0.2842]},"PREVALENCE_BY_MONTH":{"X_CALENDAR_MONTH":["200801","200901","201001"],"Y_PREVALENCE_1000PP":[0.00895,0.01842,0.00934]},"CONDITIONS_BY_TYPE":{"CONCEPT_NAME":[],"COUNT_VALUE":[]},"AGE_AT_FIRST_DIAGNOSIS":{"CATEGORY":["FEMALE","MALE"],"MIN_VALUE":[36,40],"P10_VALUE":[66,58],"P25_VALUE":[70,69],"MEDIAN_VALUE":[76,73],"P75_VALUE":[84,83],"P90_VALUE":[91,87],"MAX_VALUE":[97,89]}}
