{"PREVALENCE_BY_GENDER_AGE_YEAR":{"TRELLIS_NAME":["60-69","70-79","80-89","70-79","80-89","90-99","60-69","80-89","90-99"],"SERIES_NAME":["MALE","MALE","FEMALE","FEMALE","MALE","FEMALE","FEMALE","MALE","FEMALE"],"X_CALENDAR_YEAR":["2008","2008","2009","2009","2009","2009","2009","2010","2010"],"Y_PREVALENCE_1000PP":[0.06978,0.05726,0.1344,0.04589,0.20923,0.43563,0.07748,0.0972,0.19102]},"PREVALENCE_BY_MONTH":{"X_CALENDAR_MONTH":"200901","Y_PREVALENCE_1000PP":0.00921},"CONDITIONS_BY_TYPE":{"CONCEPT_NAME":[],"COUNT_VALUE":[]},"AGE_AT_FIRST_DIAGNOSIS":{"CATEGORY":["FEMALE","MALE"],"MIN_VALUE":[63,61],"P10_VALUE":[63,61],"P25_VALUE":[76,72],"MEDIAN_VALUE":[85,80],"P75_VALUE":[90,83],"P90_VALUE":[97,87],"MAX_VALUE":[97,87]}}
