{"PREVALENCE_BY_GENDER_AGE_YEAR":{"TRELLIS_NAME":["80-89","50-59","70-79","50-59","60-69","60-69"],"SERIES_NAME":["FEMALE","MALE","MALE","MALE","MALE","FEMALE"],"X_CALENDAR_YEAR":["2008","2009","2009","2010","2010","2010"],"Y_PREVALENCE_1000PP":[0.06961,0.29922,0.16872,0.31666,0.10323,0.09473]},"PREVALENCE_BY_MONTH":{"X_CALENDAR_MONTH":[],"Y_PREVALENCE_1000PP":[]},"CONDITIONS_BY_TYPE":{"CONCEPT_NAME":[],"COUNT_VALUE":[]},"AGE_AT_FIRST_DIAGNOSIS":{"CATEGORY":["FEMALE","MALE"],"MIN_VALUE":[68,53],"P10_VALUE":[68,53],"P25_VALUE":[68,56],"MEDIAN_VALUE":[68,68],"P75_VALUE":[87,78],"P90_VALUE":[87,79],"MAX_VALUE":[87,79]}}
