{"PREVALENCE_BY_GENDER_AGE_YEAR":{"TRELLIS_NAME":["80-89","60-69","50-59","70-79","70-79","70-79","90-99","80-89","70-79","50-59","60-69","80-89","60-69","70-79","90-99","80-89"],"SERIES_NAME":["FEMALE","FEMALE","MALE","MALE","FEMALE","MALE","FEMALE","MALE","FEMALE","MALE","FEMALE","FEMALE","MALE","MALE","FEMALE","MALE"],"X_CALENDAR_YEAR":["2008","2008","2008","2008","2008","2009","2009","2009","2009","2009","2009","2009","2010","2010","2010","2010"],"Y_PREVALENCE_1000PP":[0.06961,0.1288,0.27518,0.05726,0.1856,0.05624,0.21782,0.20923,0.13766,0.59844,0.23245,0.0672,0.20646,0.05437,0.19102,0.0972]},"PREVALENCE_BY_MONTH":{"X_CALENDAR_MONTH":["200801","200901","201001"],"Y_PREVALENCE_1000PP":[0.00895,0.00921,0.00934]},"CONDITIONS_BY_TYPE":{"CONCEPT_NAME":[],"COUNT_VALUE":[]},"AGE_AT_FIRST_DIAGNOSIS":{"CATEGORY":["FEMALE","MALE"],"MIN_VALUE":[61,57],"P10_VALUE":[65,58],"P25_VALUE":[68,59],"MEDIAN_VALUE":[72,71],"P75_VALUE":[78,83],"P90_VALUE":[90,88],"MAX_VALUE":[94,88]}}
