{"PREVALENCE_BY_GENDER_AGE_YEAR":{"TRELLIS_NAME":["20-29","80-89","70-79","70-79","70-79","70-79"],"SERIES_NAME":["FEMALE","FEMALE","MALE","FEMALE","MALE","MALE"],"X_CALENDAR_YEAR":["2008","2008","2008","2009","2009","2010"],"Y_PREVALENCE_1000PP":[3.003,0.13922,0.05726,0.09177,0.05624,0.10874]},"PREVALENCE_BY_MONTH":{"X_CALENDAR_MONTH":"201001","Y_PREVALENCE_1000PP":0.00934},"CONDITIONS_BY_TYPE":{"CONCEPT_NAME":[],"COUNT_VALUE":[]},"AGE_AT_FIRST_DIAGNOSIS":{"CATEGORY":["FEMALE","MALE"],"MIN_VALUE":[26,70],"P10_VALUE":[26,70],"P25_VALUE":[78,70],"MEDIAN_VALUE":[79,71],"P75_VALUE":[83,74],"P90_VALUE":[85,77],"MAX_VALUE":[85,77]}}
