{"PREVALENCE_BY_GENDER_AGE_YEAR":{"TRELLIS_NAME":["80-89","70-79","70-79","60-69","80-89"],"SERIES_NAME":["MALE","FEMALE","FEMALE","MALE","MALE"],"X_CALENDAR_YEAR":["2008","2008","2009","2010","2010"],"Y_PREVALENCE_1000PP":[0.11291,0.0464,0.04589,0.10323,0.0972]},"PREVALENCE_BY_MONTH":{"X_CALENDAR_MONTH":[],"Y_PREVALENCE_1000PP":[]},"CONDITIONS_BY_TYPE":{"CONCEPT_NAME":[],"COUNT_VALUE":[]},"AGE_AT_FIRST_DIAGNOSIS":{"CATEGORY":["FEMALE","MALE"],"MIN_VALUE":[71,67],"P10_VALUE":[71,67],"P25_VALUE":[71,67],"MEDIAN_VALUE":[71,80],"P75_VALUE":[77,83],"P90_VALUE":[77,83],"MAX_VALUE":[77,83]}}
