{"PREVALENCE_BY_GENDER_AGE_YEAR":{"TRELLIS_NAME":["50-59","20-29","40-49","80-89","70-79","80-89","70-79","90-99","60-69","60-69","60-69","70-79","80-89","60-69","80-89","70-79","60-69","80-89","70-79","50-59"],"SERIES_NAME":["MALE","MALE","FEMALE","MALE","MALE","FEMALE","FEMALE","FEMALE","FEMALE","MALE","FEMALE","FEMALE","FEMALE","MALE","MALE","MALE","MALE","FEMALE","FEMALE","FEMALE"],"X_CALENDAR_YEAR":["2008","2008","2008","2008","2008","2008","2008","2008","2008","2008","2009","2009","2009","2009","2009","2009","2010","2010","2010","2010"],"Y_PREVALENCE_1000PP":[0.27518,2.43309,0.49727,0.22581,0.11453,0.13922,0.0928,0.25088,0.1932,0.06978,0.15497,0.27532,0.1344,0.08532,0.10461,0.22496,0.10323,0.13005,0.17986,0.67774]},"PREVALENCE_BY_MONTH":{"X_CALENDAR_MONTH":["200801","200901","201001"],"Y_PREVALENCE_1000PP":[0.00895,0.01842,0.00934]},"CONDITIONS_BY_TYPE":{"CONCEPT_NAME":[],"COUNT_VALUE":[]},"AGE_AT_FIRST_DIAGNOSIS":{"CATEGORY":["FEMALE","MALE"],"MIN_VALUE":[47,27],"P10_VALUE":[54,59],"P25_VALUE":[68,67],"MEDIAN_VALUE":[75,71],"P75_VALUE":[83,77],"P90_VALUE":[87,85],"MAX_VALUE":[91,88]}}
