{"PREVALENCE_BY_GENDER_AGE_YEAR":{"TRELLIS_NAME":["80-89","70-79","80-89"],"SERIES_NAME":["FEMALE","MALE","FEMALE"],"X_CALENDAR_YEAR":["2008","2009","2009"],"Y_PREVALENCE_1000PP":[0.06961,0.05624,0.0672]},"PREVALENCE_BY_MONTH":{"X_CALENDAR_MONTH":"200901","Y_PREVALENCE_1000PP":0.00921},"CONDITIONS_BY_TYPE":{"CONCEPT_NAME":[],"COUNT_VALUE":[]},"AGE_AT_FIRST_DIAGNOSIS":{"CATEGORY":["FEMALE","MALE"],"MIN_VALUE":[82,72],"P10_VALUE":[82,72],"P25_VALUE":[82,72],"MEDIAN_VALUE":[82,72],"P75_VALUE":[88,72],"P90_VALUE":[88,72],"MAX_VALUE":[88,72]}}
