{"PREVALENCE_BY_GENDER_AGE_YEAR":{"TRELLIS_NAME":["40-49","60-69","70-79","60-69","70-79"],"SERIES_NAME":["FEMALE","MALE","MALE","FEMALE","MALE"],"X_CALENDAR_YEAR":["2009","2009","2009","2010","2010"],"Y_PREVALENCE_1000PP":[0.53333,0.17065,0.05624,0.09473,0.05437]},"PREVALENCE_BY_MONTH":{"X_CALENDAR_MONTH":[],"Y_PREVALENCE_1000PP":[]},"CONDITIONS_BY_TYPE":{"CONCEPT_NAME":[],"COUNT_VALUE":[]},"AGE_AT_FIRST_DIAGNOSIS":{"CATEGORY":["FEMALE","MALE"],"MIN_VALUE":[49,64],"P10_VALUE":[49,64],"P25_VALUE":[49,64],"MEDIAN_VALUE":[49,69],"P75_VALUE":[67,74],"P90_VALUE":[67,78],"MAX_VALUE":[67,78]}}
