{"PREVALENCE_BY_GENDER_AGE_YEAR":{"TRELLIS_NAME":["40-49","50-59","80-89","70-79","80-89","60-69","70-79","90-99","60-69","90-99","60-69","60-69","90-99","70-79","40-49","80-89","70-79","50-59","80-89","50-59","90-99","60-69","90-99","60-69","80-89","70-79","80-89","70-79","50-59","20-29"],"SERIES_NAME":["FEMALE","MALE","MALE","MALE","FEMALE","MALE","FEMALE","FEMALE","FEMALE","MALE","MALE","FEMALE","FEMALE","FEMALE","FEMALE","FEMALE","MALE","FEMALE","MALE","MALE","FEMALE","FEMALE","MALE","MALE","MALE","MALE","FEMALE","FEMALE","FEMALE","FEMALE"],"X_CALENDAR_YEAR":["2008","2008","2008","2008","2008","2008","2008","2008","2008","2009","2009","2009","2009","2009","2009","2009","2009","2009","2009","2009","2010","2010","2010","2010","2010","2010","2010","2010","2010","2010"],"Y_PREVALENCE_1000PP":[0.49727,0.55036,0.90324,0.34358,0.27844,0.27912,0.51039,0.25088,0.322,1.04439,0.51195,0.77483,0.21782,0.41298,0.53333,0.2688,0.39368,0.63877,0.31384,1.49611,0.95511,0.47366,0.42445,0.30969,0.7776,0.27184,0.65024,0.22482,0.67774,5.10204]},"PREVALENCE_BY_MONTH":{"X_CALENDAR_MONTH":["200801","200901","201001"],"Y_PREVALENCE_1000PP":[0.03582,0.06448,0.08403]},"CONDITIONS_BY_TYPE":{"CONCEPT_NAME":[],"COUNT_VALUE":[]},"AGE_AT_FIRST_DIAGNOSIS":{"CATEGORY":["FEMALE","MALE"],"MIN_VALUE":[27,54],"P10_VALUE":[60,59],"P25_VALUE":[68,68],"MEDIAN_VALUE":[75,76],"P75_VALUE":[83,84],"P90_VALUE":[89,88],"MAX_VALUE":[99,97]}}
