{"PREVALENCE_BY_GENDER_AGE_YEAR":{"TRELLIS_NAME":["30-39","80-89","70-79","70-79","60-69","90-99","70-79","80-89","70-79","70-79","80-89","90-99","60-69","50-59"],"SERIES_NAME":["MALE","FEMALE","FEMALE","MALE","MALE","FEMALE","FEMALE","MALE","MALE","FEMALE","MALE","FEMALE","FEMALE","MALE"],"X_CALENDAR_YEAR":["2008","2008","2008","2008","2009","2009","2009","2009","2009","2010","2010","2010","2010","2010"],"Y_PREVALENCE_1000PP":[1.73913,0.13922,0.1856,0.11453,0.08532,0.21782,0.22943,0.31384,0.05624,0.04496,0.1944,0.19102,0.09473,0.31666]},"PREVALENCE_BY_MONTH":{"X_CALENDAR_MONTH":["200901","201001"],"Y_PREVALENCE_1000PP":[0.01842,0.00934]},"CONDITIONS_BY_TYPE":{"CONCEPT_NAME":[],"COUNT_VALUE":[]},"AGE_AT_FIRST_DIAGNOSIS":{"CATEGORY":["FEMALE","MALE"],"MIN_VALUE":[68,36],"P10_VALUE":[70,38],"P25_VALUE":[73,56],"MEDIAN_VALUE":[76,74],"P75_VALUE":[80,82],"P90_VALUE":[95,83],"MAX_VALUE":[96,87]}}
