{"PREVALENCE_BY_GENDER_AGE_YEAR":{"TRELLIS_NAME":["40-49","70-79","70-79","30-39","40-49","60-69","70-79"],"SERIES_NAME":["MALE","FEMALE","MALE","FEMALE","FEMALE","FEMALE","FEMALE"],"X_CALENDAR_YEAR":["2008","2008","2008","2009","2010","2010","2010"],"Y_PREVALENCE_1000PP":[0.44228,0.0464,0.05726,1.12233,0.58241,0.09473,0.04496]},"PREVALENCE_BY_MONTH":{"X_CALENDAR_MONTH":"200801","Y_PREVALENCE_1000PP":0.00895},"CONDITIONS_BY_TYPE":{"CONCEPT_NAME":[],"COUNT_VALUE":[]},"AGE_AT_FIRST_DIAGNOSIS":{"CATEGORY":["FEMALE","MALE"],"MIN_VALUE":[33,45],"P10_VALUE":[33,45],"P25_VALUE":[43,45],"MEDIAN_VALUE":[68,45],"P75_VALUE":[74,73],"P90_VALUE":[77,73],"MAX_VALUE":[77,73]}}
