{"PREVALENCE_BY_GENDER_AGE_YEAR":{"TRELLIS_NAME":["60-69","90-99","70-79","30-39","30-39","50-59","70-79","80-89","70-79","80-89","60-69","100-109","70-79"],"SERIES_NAME":["FEMALE","FEMALE","FEMALE","FEMALE","MALE","FEMALE","MALE","MALE","FEMALE","FEMALE","FEMALE","MALE","FEMALE"],"X_CALENDAR_YEAR":["2008","2008","2008","2009","2009","2009","2009","2009","2009","2009","2010","2010","2010"],"Y_PREVALENCE_1000PP":[0.1288,0.25088,0.0464,1.12233,0.97943,0.31939,0.11248,0.10461,0.18355,0.0672,0.09473,3.83142,0.04496]},"PREVALENCE_BY_MONTH":{"X_CALENDAR_MONTH":"200901","Y_PREVALENCE_1000PP":0.01842},"CONDITIONS_BY_TYPE":{"CONCEPT_NAME":[],"COUNT_VALUE":[]},"AGE_AT_FIRST_DIAGNOSIS":{"CATEGORY":["FEMALE","MALE"],"MIN_VALUE":[38,37],"P10_VALUE":[59,37],"P25_VALUE":[64,73],"MEDIAN_VALUE":[73,79],"P75_VALUE":[75,86],"P90_VALUE":[85,101],"MAX_VALUE":[91,101]}}
