{"PREVALENCE_BY_GENDER_AGE_YEAR":{"TRELLIS_NAME":["50-59","80-89","60-69","90-99","60-69","70-79","50-59","60-69","80-89","70-79","80-89","80-89","70-79","90-99","60-69","90-99","60-69"],"SERIES_NAME":["MALE","MALE","MALE","FEMALE","FEMALE","MALE","FEMALE","MALE","MALE","FEMALE","FEMALE","FEMALE","MALE","MALE","MALE","FEMALE","FEMALE"],"X_CALENDAR_YEAR":["2008","2008","2008","2008","2008","2009","2009","2009","2009","2009","2009","2010","2010","2010","2010","2010","2010"],"Y_PREVALENCE_1000PP":[0.27518,0.11291,0.20934,0.25088,0.0644,0.11248,0.31939,0.08532,0.31384,0.04589,0.336,0.13005,0.16311,0.8489,0.20646,0.38204,0.2842]},"PREVALENCE_BY_MONTH":{"X_CALENDAR_MONTH":["200901","201001"],"Y_PREVALENCE_1000PP":[0.00921,0.01867]},"CONDITIONS_BY_TYPE":{"CONCEPT_NAME":[],"COUNT_VALUE":[]},"AGE_AT_FIRST_DIAGNOSIS":{"CATEGORY":["FEMALE","MALE"],"MIN_VALUE":[58,56],"P10_VALUE":[67,64],"P25_VALUE":[68,66],"MEDIAN_VALUE":[82,74],"P75_VALUE":[88,81],"P90_VALUE":[91,93],"MAX_VALUE":[94,99]}}
