{"PREVALENCE_BY_GENDER_AGE_YEAR":{"TRELLIS_NAME":["50-59","20-29","50-59","30-39","60-69","90-99","60-69","90-99","70-79","80-89","80-89","70-79","80-89","70-79","80-89","70-79","90-99","60-69","50-59","60-69","70-79","40-49","40-49","80-89","50-59","70-79","80-89","90-99","50-59","90-99"],"SERIES_NAME":["MALE","FEMALE","FEMALE","MALE","MALE","MALE","FEMALE","FEMALE","FEMALE","MALE","FEMALE","MALE","MALE","MALE","FEMALE","FEMALE","FEMALE","FEMALE","FEMALE","MALE","FEMALE","MALE","FEMALE","FEMALE","FEMALE","MALE","MALE","FEMALE","MALE","MALE"],"X_CALENDAR_YEAR":["2008","2008","2008","2008","2008","2008","2008","2008","2008","2008","2008","2008","2009","2009","2009","2009","2009","2009","2009","2009","2010","2010","2010","2010","2010","2010","2010","2010","2010","2010"],"Y_PREVALENCE_1000PP":[0.27518,6.00601,0.60938,0.86957,0.27912,0.64851,0.5796,0.75263,0.55679,0.67743,0.55687,0.57264,0.41845,0.67488,0.6048,0.59652,0.65345,0.30993,0.63877,0.42662,0.4946,0.53648,0.58241,0.52019,0.33887,0.43495,0.2916,0.19102,0.31666,1.27334]},"PREVALENCE_BY_MONTH":{"X_CALENDAR_MONTH":["200801","200901","201001"],"Y_PREVALENCE_1000PP":[0.01791,0.03685,0.05602]},"CONDITIONS_BY_TYPE":{"CONCEPT_NAME":[],"COUNT_VALUE":[]},"AGE_AT_FIRST_DIAGNOSIS":{"CATEGORY":["FEMALE","MALE"],"MIN_VALUE":[28,37],"P10_VALUE":[60,64],"P25_VALUE":[70,70],"MEDIAN_VALUE":[76,76],"P75_VALUE":[83,81],"P90_VALUE":[89,87],"MAX_VALUE":[99,96]}}
