{"PREVALENCE_BY_GENDER_AGE_YEAR":{"TRELLIS_NAME":["90-99","60-69","70-79","80-89","70-79","80-89","50-59","50-59","60-69","70-79","60-69","30-39","80-89","70-79","50-59","90-99","60-69","70-79","80-89","70-79"],"SERIES_NAME":["FEMALE","MALE","MALE","MALE","FEMALE","FEMALE","FEMALE","MALE","FEMALE","FEMALE","MALE","MALE","FEMALE","MALE","FEMALE","FEMALE","FEMALE","MALE","MALE","FEMALE"],"X_CALENDAR_YEAR":["2008","2008","2008","2008","2008","2008","2008","2008","2009","2009","2009","2009","2009","2009","2009","2010","2010","2010","2010","2010"],"Y_PREVALENCE_1000PP":[0.25088,0.13956,0.22906,0.11291,0.1392,0.06961,0.30469,0.55036,0.15497,0.22943,0.08532,1.95886,0.2016,0.05624,0.31939,0.19102,0.09473,0.10874,0.0972,0.08993]},"PREVALENCE_BY_MONTH":{"X_CALENDAR_MONTH":["200801","200901"],"Y_PREVALENCE_1000PP":[0.00895,0.01842]},"CONDITIONS_BY_TYPE":{"CONCEPT_NAME":[],"COUNT_VALUE":[]},"AGE_AT_FIRST_DIAGNOSIS":{"CATEGORY":["FEMALE","MALE"],"MIN_VALUE":[57,36],"P10_VALUE":[61,39],"P25_VALUE":[70,54],"MEDIAN_VALUE":[76,70],"P75_VALUE":[82,74],"P90_VALUE":[89,86],"MAX_VALUE":[96,88]}}
