{"PREVALENCE_BY_GENDER_AGE_YEAR":{"TRELLIS_NAME":["60-69","60-69","90-99","80-89","70-79","80-89","60-69","60-69","70-79","80-89","70-79","80-89"],"SERIES_NAME":["MALE","FEMALE","FEMALE","FEMALE","MALE","MALE","MALE","FEMALE","FEMALE","FEMALE","MALE","FEMALE"],"X_CALENDAR_YEAR":["2008","2008","2008","2008","2008","2008","2009","2009","2009","2009","2009","2010"],"Y_PREVALENCE_1000PP":[0.06978,0.1932,0.25088,0.06961,0.05726,0.11291,0.08532,0.23245,0.04589,0.1344,0.16872,0.06502]},"PREVALENCE_BY_MONTH":{"X_CALENDAR_MONTH":["200801","200901"],"Y_PREVALENCE_1000PP":[0.01791,0.00921]},"CONDITIONS_BY_TYPE":{"CONCEPT_NAME":[],"COUNT_VALUE":[]},"AGE_AT_FIRST_DIAGNOSIS":{"CATEGORY":["FEMALE","MALE"],"MIN_VALUE":[60,60],"P10_VALUE":[63,60],"P25_VALUE":[66,68],"MEDIAN_VALUE":[69,72],"P75_VALUE":[80,78],"P90_VALUE":[89,84],"MAX_VALUE":[98,84]}}
