{"PREVALENCE_BY_GENDER_AGE_YEAR":{"TRELLIS_NAME":["70-79","60-69","60-69","80-89"],"SERIES_NAME":["MALE","MALE","FEMALE","FEMALE"],"X_CALENDAR_YEAR":["2008","2009","2009","2009"],"Y_PREVALENCE_1000PP":[0.05726,0.08532,0.07748,0.0672]},"PREVALENCE_BY_MONTH":{"X_CALENDAR_MONTH":[],"Y_PREVALENCE_1000PP":[]},"CONDITIONS_BY_TYPE":{"CONCEPT_NAME":[],"COUNT_VALUE":[]},"AGE_AT_FIRST_DIAGNOSIS":{"CATEGORY":["FEMALE","MALE"],"MIN_VALUE":[69,66],"P10_VALUE":[69,66],"P25_VALUE":[69,66],"MEDIAN_VALUE":[69,66],"P75_VALUE":[89,78],"P90_VALUE":[89,78],"MAX_VALUE":[89,78]}}
