{"PREVALENCE_BY_GENDER_AGE_YEAR":{"TRELLIS_NAME":["80-89","70-79","70-79","60-69","70-79","80-89"],"SERIES_NAME":["FEMALE","FEMALE","FEMALE","MALE","FEMALE","FEMALE"],"X_CALENDAR_YEAR":["2008","2008","2009","2009","2010","2010"],"Y_PREVALENCE_1000PP":[0.06961,0.0464,0.04589,0.08532,0.04496,0.06502]},"PREVALENCE_BY_MONTH":{"X_CALENDAR_MONTH":[],"Y_PREVALENCE_1000PP":[]},"CONDITIONS_BY_TYPE":{"CONCEPT_NAME":[],"COUNT_VALUE":[]},"AGE_AT_FIRST_DIAGNOSIS":{"CATEGORY":["FEMALE","MALE"],"MIN_VALUE":[72,63],"P10_VALUE":[72,63],"P25_VALUE":[73,63],"MEDIAN_VALUE":[78,63],"P75_VALUE":[80,63],"P90_VALUE":[88,63],"MAX_VALUE":[88,63]}}
