{"PREVALENCE_BY_GENDER_AGE_YEAR":{"TRELLIS_NAME":["70-79","60-69"],"SERIES_NAME":["FEMALE","MALE"],"X_CALENDAR_YEAR":["2008","2008"],"Y_PREVALENCE_1000PP":[0.0464,0.06978]},"PREVALENCE_BY_MONTH":{"X_CALENDAR_MONTH":[],"Y_PREVALENCE_1000PP":[]},"CONDITIONS_BY_TYPE":{"CONCEPT_NAME":[],"COUNT_VALUE":[]},"AGE_AT_FIRST_DIAGNOSIS":{"CATEGORY":["FEMALE","MALE"],"MIN_VALUE":[73,62],"P10_VALUE":[73,62],"P25_VALUE":[73,62],"MEDIAN_VALUE":[73,62],"P75_VALUE":[73,62],"P90_VALUE":[73,62],"MAX_VALUE":[73,62]}}
