{"PREVALENCE_BY_GENDER_AGE_YEAR":{"TRELLIS_NAME":["70-79","80-89","70-79","80-89","60-69","60-69","50-59","90-99","40-49","50-59","70-79","80-89","70-79","80-89","60-69","90-99","60-69","90-99","40-49","50-59","40-49","60-69","60-69","90-99","70-79","80-89","70-79","80-89"],"SERIES_NAME":["FEMALE","FEMALE","MALE","MALE","MALE","FEMALE","FEMALE","FEMALE","FEMALE","MALE","FEMALE","FEMALE","MALE","MALE","MALE","MALE","FEMALE","FEMALE","FEMALE","MALE","MALE","MALE","FEMALE","FEMALE","FEMALE","FEMALE","MALE","MALE"],"X_CALENDAR_YEAR":["2008","2008","2008","2008","2008","2008","2008","2008","2008","2008","2009","2009","2009","2009","2009","2009","2009","2009","2009","2009","2010","2010","2010","2010","2010","2010","2010","2010"],"Y_PREVALENCE_1000PP":[0.0928,0.06961,0.22906,0.33872,0.27912,0.1288,0.91408,0.50176,0.49727,0.27518,0.3212,0.2688,0.33744,0.10461,0.42662,0.52219,0.15497,0.21782,0.53333,0.29922,0.53648,0.30969,0.09473,0.38204,0.17986,0.06502,0.10874,0.3888]},"PREVALENCE_BY_MONTH":{"X_CALENDAR_MONTH":["200801","200901","201001"],"Y_PREVALENCE_1000PP":[0.00895,0.04606,0.02801]},"CONDITIONS_BY_TYPE":{"CONCEPT_NAME":[],"COUNT_VALUE":[]},"AGE_AT_FIRST_DIAGNOSIS":{"CATEGORY":["FEMALE","MALE"],"MIN_VALUE":[47,43],"P10_VALUE":[56,62],"P25_VALUE":[67,67],"MEDIAN_VALUE":[75,71],"P75_VALUE":[83,79],"P90_VALUE":[90,88],"MAX_VALUE":[94,98]}}
