{"PREVALENCE_BY_GENDER_AGE_YEAR":{"TRELLIS_NAME":["30-39","50-59","60-69","60-69","70-79","80-89","80-89","70-79","60-69","90-99","70-79","80-89","70-79","50-59","80-89","50-59","70-79","70-79"],"SERIES_NAME":["FEMALE","FEMALE","FEMALE","MALE","MALE","MALE","FEMALE","FEMALE","FEMALE","FEMALE","MALE","MALE","FEMALE","FEMALE","FEMALE","MALE","FEMALE","MALE"],"X_CALENDAR_YEAR":["2008","2008","2008","2008","2008","2008","2008","2008","2009","2009","2009","2009","2009","2010","2010","2010","2010","2010"],"Y_PREVALENCE_1000PP":[1.03199,0.60938,0.1288,0.06978,0.11453,0.22581,0.06961,0.1392,0.07748,0.43563,0.11248,0.31384,0.09177,0.33887,0.06502,0.31666,0.04496,0.10874]},"PREVALENCE_BY_MONTH":{"X_CALENDAR_MONTH":["200801","200901","201001"],"Y_PREVALENCE_1000PP":[0.00895,0.00921,0.00934]},"CONDITIONS_BY_TYPE":{"CONCEPT_NAME":[],"COUNT_VALUE":[]},"AGE_AT_FIRST_DIAGNOSIS":{"CATEGORY":["FEMALE","MALE"],"MIN_VALUE":[32,55],"P10_VALUE":[51,67],"P25_VALUE":[61,72],"MEDIAN_VALUE":[70,75],"P75_VALUE":[78,80],"P90_VALUE":[90,84],"MAX_VALUE":[99,85]}}
