{"PREVALENCE_BY_GENDER_AGE_YEAR":{"TRELLIS_NAME":["60-69","70-79","80-89","70-79","70-79","70-79","80-89","90-99","40-49","60-69"],"SERIES_NAME":["FEMALE","MALE","FEMALE","FEMALE","FEMALE","MALE","MALE","MALE","FEMALE","FEMALE"],"X_CALENDAR_YEAR":["2008","2008","2008","2008","2009","2009","2009","2009","2009","2010"],"Y_PREVALENCE_1000PP":[0.1288,0.17179,0.06961,0.1856,0.13766,0.05624,0.31384,0.52219,0.53333,0.18947]},"PREVALENCE_BY_MONTH":{"X_CALENDAR_MONTH":[],"Y_PREVALENCE_1000PP":[]},"CONDITIONS_BY_TYPE":{"CONCEPT_NAME":[],"COUNT_VALUE":[]},"AGE_AT_FIRST_DIAGNOSIS":{"CATEGORY":["FEMALE","MALE"],"MIN_VALUE":[44,72],"P10_VALUE":[66,72],"P25_VALUE":[69,73],"MEDIAN_VALUE":[72,75],"P75_VALUE":[77,89],"P90_VALUE":[78,91],"MAX_VALUE":[82,91]}}
