{"PREVALENCE_BY_GENDER_AGE_YEAR":{"TRELLIS_NAME":["20-29","80-89","40-49","70-79","60-69","60-69","80-89","90-99","70-79","30-39","40-49","60-69","60-69","80-89","90-99","70-79","80-89","70-79","60-69","90-99","80-89","70-79","80-89","70-79"],"SERIES_NAME":["FEMALE","MALE","MALE","MALE","MALE","FEMALE","FEMALE","FEMALE","FEMALE","FEMALE","MALE","MALE","FEMALE","FEMALE","FEMALE","FEMALE","MALE","MALE","FEMALE","MALE","FEMALE","FEMALE","MALE","MALE"],"X_CALENDAR_YEAR":["2008","2008","2008","2008","2008","2008","2008","2008","2008","2009","2009","2009","2009","2009","2009","2009","2009","2009","2010","2010","2010","2010","2010","2010"],"Y_PREVALENCE_1000PP":[3.003,0.22581,0.44228,0.22906,0.06978,0.322,0.06961,0.25088,0.55679,1.12233,0.49188,0.17065,0.38742,0.2016,0.21782,0.09177,0.31384,0.44992,0.18947,0.42445,0.13005,0.13489,0.2916,0.16311]},"PREVALENCE_BY_MONTH":{"X_CALENDAR_MONTH":["200801","200901"],"Y_PREVALENCE_1000PP":[0.00895,0.04606]},"CONDITIONS_BY_TYPE":{"CONCEPT_NAME":[],"COUNT_VALUE":[]},"AGE_AT_FIRST_DIAGNOSIS":{"CATEGORY":["FEMALE","MALE"],"MIN_VALUE":[27,45],"P10_VALUE":[63,62],"P25_VALUE":[69,71],"MEDIAN_VALUE":[72,78],"P75_VALUE":[78,80],"P90_VALUE":[87,86],"MAX_VALUE":[96,91]}}
