{"PREVALENCE_BY_GENDER_AGE_YEAR":{"TRELLIS_NAME":["50-59","20-29","60-69","60-69","80-89","70-79","80-89","40-49","40-49","60-69","60-69","70-79","80-89","70-79","90-99","60-69","70-79","70-79","80-89"],"SERIES_NAME":["FEMALE","FEMALE","MALE","FEMALE","FEMALE","FEMALE","MALE","FEMALE","MALE","MALE","FEMALE","MALE","MALE","FEMALE","FEMALE","MALE","MALE","FEMALE","FEMALE"],"X_CALENDAR_YEAR":["2008","2008","2008","2008","2008","2008","2008","2009","2009","2009","2009","2009","2009","2009","2010","2010","2010","2010","2010"],"Y_PREVALENCE_1000PP":[0.30469,3.003,0.06978,0.0644,0.13922,0.232,0.11291,0.53333,0.49188,0.25597,0.15497,0.05624,0.10461,0.18355,0.19102,0.30969,0.10874,0.04496,0.13005]},"PREVALENCE_BY_MONTH":{"X_CALENDAR_MONTH":["200801","200901"],"Y_PREVALENCE_1000PP":[0.00895,0.00921]},"CONDITIONS_BY_TYPE":{"CONCEPT_NAME":[],"COUNT_VALUE":[]},"AGE_AT_FIRST_DIAGNOSIS":{"CATEGORY":["FEMALE","MALE"],"MIN_VALUE":[25,40],"P10_VALUE":[58,63],"P25_VALUE":[66,66],"MEDIAN_VALUE":[74,69],"P75_VALUE":[79,75],"P90_VALUE":[84,80],"MAX_VALUE":[91,81]}}
