{"PREVALENCE_BY_GENDER_AGE_YEAR":{"TRELLIS_NAME":["50-59","40-49","80-89","70-79","80-89","70-79","90-99","60-69","60-69","60-69","50-59","90-99","70-79","60-69","80-89","70-79","80-89","40-49","80-89","60-69","80-89","60-69","70-79","50-59","70-79"],"SERIES_NAME":["FEMALE","FEMALE","MALE","MALE","FEMALE","FEMALE","FEMALE","FEMALE","MALE","FEMALE","MALE","FEMALE","FEMALE","MALE","FEMALE","MALE","MALE","MALE","MALE","MALE","FEMALE","FEMALE","FEMALE","FEMALE","MALE"],"X_CALENDAR_YEAR":["2008","2008","2008","2008","2008","2008","2008","2008","2008","2009","2009","2009","2009","2009","2009","2009","2009","2010","2010","2010","2010","2010","2010","2010","2010"],"Y_PREVALENCE_1000PP":[0.30469,0.49727,0.11291,0.05726,0.06961,0.0464,0.25088,0.1288,0.13956,0.15497,0.29922,0.43563,0.09177,0.08532,0.2688,0.16872,0.31384,0.53648,0.1944,0.10323,0.26009,0.09473,0.13489,0.33887,0.05437]},"PREVALENCE_BY_MONTH":{"X_CALENDAR_MONTH":["200901","201001"],"Y_PREVALENCE_1000PP":[0.00921,0.00934]},"CONDITIONS_BY_TYPE":{"CONCEPT_NAME":[],"COUNT_VALUE":[]},"AGE_AT_FIRST_DIAGNOSIS":{"CATEGORY":["FEMALE","MALE"],"MIN_VALUE":[41,48],"P10_VALUE":[57,53],"P25_VALUE":[68,68],"MEDIAN_VALUE":[78,76],"P75_VALUE":[86,82],"P90_VALUE":[90,84],"MAX_VALUE":[96,89]}}
