{"PREVALENCE_BY_GENDER_AGE_YEAR":{"TRELLIS_NAME":["40-49","30-39","30-39","50-59","80-89","70-79","80-89","70-79","60-69","60-69","50-59","50-59","60-69","90-99","40-49","70-79","80-89","70-79","40-49","90-99","60-69","90-99","80-89","70-79","80-89","70-79"],"SERIES_NAME":["MALE","MALE","FEMALE","FEMALE","FEMALE","FEMALE","MALE","MALE","MALE","FEMALE","MALE","FEMALE","FEMALE","FEMALE","MALE","FEMALE","MALE","MALE","FEMALE","MALE","MALE","FEMALE","FEMALE","FEMALE","MALE","MALE"],"X_CALENDAR_YEAR":["2008","2008","2008","2008","2008","2008","2008","2008","2008","2008","2009","2009","2009","2009","2009","2009","2009","2009","2009","2009","2010","2010","2010","2010","2010","2010"],"Y_PREVALENCE_1000PP":[0.44228,1.73913,1.03199,0.60938,0.20883,0.232,0.11291,0.57264,0.34889,0.3864,0.29922,0.63877,0.07748,0.21782,0.49188,0.27532,0.20923,0.22496,0.53333,0.52219,0.20646,0.76409,0.32512,0.13489,0.2916,0.21747]},"PREVALENCE_BY_MONTH":{"X_CALENDAR_MONTH":["200801","200901","201001"],"Y_PREVALENCE_1000PP":[0.00895,0.02764,0.04669]},"CONDITIONS_BY_TYPE":{"CONCEPT_NAME":[],"COUNT_VALUE":[]},"AGE_AT_FIRST_DIAGNOSIS":{"CATEGORY":["FEMALE","MALE"],"MIN_VALUE":[34,30],"P10_VALUE":[57,46],"P25_VALUE":[68,69],"MEDIAN_VALUE":[73,71],"P75_VALUE":[84,78],"P90_VALUE":[90,84],"MAX_VALUE":[93,96]}}
