{"PREVALENCE_BY_GENDER_AGE_YEAR":{"TRELLIS_NAME":["40-49","80-89","60-69","90-99"],"SERIES_NAME":["FEMALE","MALE","MALE","MALE"],"X_CALENDAR_YEAR":["2008","2008","2009","2009"],"Y_PREVALENCE_1000PP":[0.49727,0.11291,0.08532,0.52219]},"PREVALENCE_BY_MONTH":{"X_CALENDAR_MONTH":"200901","Y_PREVALENCE_1000PP":0.00921},"CONDITIONS_BY_TYPE":{"CONCEPT_NAME":[],"COUNT_VALUE":[]},"AGE_AT_FIRST_DIAGNOSIS":{"CATEGORY":["FEMALE","MALE"],"MIN_VALUE":[40,69],"P10_VALUE":[40,69],"P25_VALUE":[40,69],"MEDIAN_VALUE":[40,86],"P75_VALUE":[40,97],"P90_VALUE":[40,97],"MAX_VALUE":[40,97]}}
