{"PREVALENCE_BY_GENDER_AGE_YEAR":{"TRELLIS_NAME":["60-69","70-79","70-79","60-69"],"SERIES_NAME":["MALE","MALE","FEMALE","FEMALE"],"X_CALENDAR_YEAR":["2008","2008","2009","2009"],"Y_PREVALENCE_1000PP":[0.06978,0.05726,0.04589,0.07748]},"PREVALENCE_BY_MONTH":{"X_CALENDAR_MONTH":[],"Y_PREVALENCE_1000PP":[]},"CONDITIONS_BY_TYPE":{"CONCEPT_NAME":[],"COUNT_VALUE":[]},"AGE_AT_FIRST_DIAGNOSIS":{"CATEGORY":["FEMALE","MALE"],"MIN_VALUE":[67,65],"P10_VALUE":[67,65],"P25_VALUE":[67,65],"MEDIAN_VALUE":[67,65],"P75_VALUE":[75,76],"P90_VALUE":[75,76],"MAX_VALUE":[75,76]}}
