{"PREVALENCE_BY_GENDER_AGE_YEAR":{"TRELLIS_NAME":["80-89","40-49","40-49","80-89","50-59","80-89"],"SERIES_NAME":["MALE","FEMALE","FEMALE","MALE","MALE","FEMALE"],"X_CALENDAR_YEAR":["2008","2008","2009","2010","2010","2010"],"Y_PREVALENCE_1000PP":[0.11291,0.49727,0.53333,0.0972,0.31666,0.06502]},"PREVALENCE_BY_MONTH":{"X_CALENDAR_MONTH":[],"Y_PREVALENCE_1000PP":[]},"CONDITIONS_BY_TYPE":{"CONCEPT_NAME":[],"COUNT_VALUE":[]},"AGE_AT_FIRST_DIAGNOSIS":{"CATEGORY":["FEMALE","MALE"],"MIN_VALUE":[44,53],"P10_VALUE":[44,53],"P25_VALUE":[44,53],"MEDIAN_VALUE":[47,84],"P75_VALUE":[82,86],"P90_VALUE":[82,86],"MAX_VALUE":[82,86]}}
