{"PREVALENCE_BY_GENDER_AGE_YEAR":{"TRELLIS_NAME":["80-89","70-79","50-59","40-49","80-89","70-79","60-69","90-99","20-29","60-69","70-79","80-89","80-89","70-79","90-99","60-69","90-99","60-69","40-49","50-59","100-109","70-79","80-89","70-79","40-49"],"SERIES_NAME":["MALE","MALE","FEMALE","FEMALE","FEMALE","FEMALE","MALE","FEMALE","MALE","FEMALE","MALE","MALE","FEMALE","FEMALE","FEMALE","FEMALE","MALE","MALE","MALE","FEMALE","FEMALE","FEMALE","FEMALE","MALE","FEMALE"],"X_CALENDAR_YEAR":["2008","2008","2008","2008","2008","2008","2008","2008","2008","2008","2009","2009","2009","2009","2009","2009","2009","2009","2009","2009","2009","2010","2010","2010","2010"],"Y_PREVALENCE_1000PP":[0.33872,0.22906,0.30469,0.99453,0.20883,0.3248,0.34889,0.25088,2.43309,0.1288,0.11248,0.20923,0.2688,0.18355,0.21782,0.07748,1.04439,0.17065,0.49188,0.63877,2.53807,0.13489,0.06502,0.16311,0.58241]},"PREVALENCE_BY_MONTH":{"X_CALENDAR_MONTH":["200801","200901","201001"],"Y_PREVALENCE_1000PP":[0.03582,0.04606,0.00934]},"CONDITIONS_BY_TYPE":{"CONCEPT_NAME":[],"COUNT_VALUE":[]},"AGE_AT_FIRST_DIAGNOSIS":{"CATEGORY":["FEMALE","MALE"],"MIN_VALUE":[44,26],"P10_VALUE":[52,65],"P25_VALUE":[69,68],"MEDIAN_VALUE":[74,73],"P75_VALUE":[82,80],"P90_VALUE":[89,86],"MAX_VALUE":[100,98]}}
