{"PREVALENCE_BY_GENDER_AGE_YEAR":{"TRELLIS_NAME":["80-89","70-79"],"SERIES_NAME":["FEMALE","MALE"],"X_CALENDAR_YEAR":["2008","2010"],"Y_PREVALENCE_1000PP":[0.06961,0.05437]},"PREVALENCE_BY_MONTH":{"X_CALENDAR_MONTH":[],"Y_PREVALENCE_1000PP":[]},"CONDITIONS_BY_TYPE":{"CONCEPT_NAME":[],"COUNT_VALUE":[]},"AGE_AT_FIRST_DIAGNOSIS":{"CATEGORY":["FEMALE","MALE"],"MIN_VALUE":[87,75],"P10_VALUE":[87,75],"P25_VALUE":[87,75],"MEDIAN_VALUE":[87,75],"P75_VALUE":[87,75],"P90_VALUE":[87,75],"MAX_VALUE":[87,75]}}
