{"PREVALENCE_BY_GENDER_AGE_YEAR":{"TRELLIS_NAME":["80-89","90-99"],"SERIES_NAME":["MALE","FEMALE"],"X_CALENDAR_YEAR":["2009","2009"],"Y_PREVALENCE_1000PP":[0.10461,0.21782]},"PREVALENCE_BY_MONTH":{"X_CALENDAR_MONTH":[],"Y_PREVALENCE_1000PP":[]},"CONDITIONS_BY_TYPE":{"CONCEPT_NAME":[],"COUNT_VALUE":[]},"AGE_AT_FIRST_DIAGNOSIS":{"CATEGORY":["FEMALE","MALE"],"MIN_VALUE":[97,80],"P10_VALUE":[97,80],"P25_VALUE":[97,80],"MEDIAN_VALUE":[97,80],"P75_VALUE":[97,80],"P90_VALUE":[97,80],"MAX_VALUE":[97,80]}}
