{"PREVALENCE_BY_GENDER_AGE_YEAR":{"TRELLIS_NAME":["80-89","50-59","70-79","80-89","70-79","90-99","30-39","60-69","60-69","60-69","90-99","70-79","60-69","80-89","70-79","80-89","30-39","20-29","40-49","50-59","50-59","90-99","60-69","50-59","60-69","50-59","80-89","70-79","70-79"],"SERIES_NAME":["MALE","FEMALE","MALE","FEMALE","FEMALE","FEMALE","MALE","FEMALE","MALE","FEMALE","FEMALE","FEMALE","MALE","FEMALE","MALE","MALE","MALE","MALE","FEMALE","MALE","FEMALE","FEMALE","FEMALE","MALE","MALE","FEMALE","MALE","MALE","FEMALE"],"X_CALENDAR_YEAR":["2008","2008","2008","2008","2008","2008","2008","2008","2008","2009","2009","2009","2009","2009","2009","2009","2009","2009","2009","2009","2009","2010","2010","2010","2010","2010","2010","2010","2010"],"Y_PREVALENCE_1000PP":[0.45162,0.30469,0.28632,0.34804,0.2784,0.25088,0.86957,0.2576,0.13956,0.15497,0.65345,0.41298,0.42662,0.4032,0.50616,0.31384,0.97943,3.07692,0.53333,0.59844,0.31939,0.19102,0.18947,0.31666,0.51616,0.33887,0.0972,0.16311,0.22482]},"PREVALENCE_BY_MONTH":{"X_CALENDAR_MONTH":["200801","200901","201001"],"Y_PREVALENCE_1000PP":[0.02686,0.03685,0.02801]},"CONDITIONS_BY_TYPE":{"CONCEPT_NAME":[],"COUNT_VALUE":[]},"AGE_AT_FIRST_DIAGNOSIS":{"CATEGORY":["FEMALE","MALE"],"MIN_VALUE":[43,26],"P10_VALUE":[60,51],"P25_VALUE":[68,67],"MEDIAN_VALUE":[77,70],"P75_VALUE":[83,78],"P90_VALUE":[90,83],"MAX_VALUE":[99,89]}}
