{"PREVALENCE_BY_GENDER_AGE_YEAR":{"TRELLIS_NAME":["90-99","60-69","70-79","80-89","80-89","80-89","80-89","70-79","90-99","60-69","50-59","100-109"],"SERIES_NAME":["FEMALE","MALE","MALE","MALE","FEMALE","FEMALE","MALE","MALE","MALE","FEMALE","FEMALE","FEMALE"],"X_CALENDAR_YEAR":["2008","2008","2008","2008","2008","2009","2009","2009","2009","2009","2009","2010"],"Y_PREVALENCE_1000PP":[0.25088,0.06978,0.05726,0.11291,0.13922,0.1344,0.10461,0.05624,0.52219,0.15497,0.31939,1.2837]},"PREVALENCE_BY_MONTH":{"X_CALENDAR_MONTH":[],"Y_PREVALENCE_1000PP":[]},"CONDITIONS_BY_TYPE":{"CONCEPT_NAME":[],"COUNT_VALUE":[]},"AGE_AT_FIRST_DIAGNOSIS":{"CATEGORY":["FEMALE","MALE"],"MIN_VALUE":[53,66],"P10_VALUE":[53,66],"P25_VALUE":[66,72],"MEDIAN_VALUE":[88,74],"P75_VALUE":[89,80],"P90_VALUE":[100,98],"MAX_VALUE":[100,98]}}
