{"PREVALENCE_BY_GENDER_AGE_YEAR":{"TRELLIS_NAME":["70-79","80-89","70-79","60-69","70-79","90-99","60-69","90-99","60-69","90-99","60-69","70-79"],"SERIES_NAME":["FEMALE","MALE","MALE","FEMALE","MALE","MALE","MALE","FEMALE","FEMALE","FEMALE","MALE","MALE"],"X_CALENDAR_YEAR":["2008","2008","2008","2008","2009","2009","2009","2009","2009","2010","2010","2010"],"Y_PREVALENCE_1000PP":[0.0464,0.11291,0.05726,0.0644,0.05624,0.52219,0.17065,0.21782,0.15497,0.38204,0.10323,0.16311]},"PREVALENCE_BY_MONTH":{"X_CALENDAR_MONTH":"200901","Y_PREVALENCE_1000PP":0.00921},"CONDITIONS_BY_TYPE":{"CONCEPT_NAME":[],"COUNT_VALUE":[]},"AGE_AT_FIRST_DIAGNOSIS":{"CATEGORY":["FEMALE","MALE"],"MIN_VALUE":[65,67],"P10_VALUE":[65,67],"P25_VALUE":[67,69],"MEDIAN_VALUE":[72,72],"P75_VALUE":[99,78],"P90_VALUE":[99,84],"MAX_VALUE":[99,90]}}
