{"PREVALENCE_BY_GENDER_AGE_YEAR":{"TRELLIS_NAME":["70-79","60-69","70-79","60-69","60-69"],"SERIES_NAME":["FEMALE","MALE","MALE","MALE","FEMALE"],"X_CALENDAR_YEAR":["2008","2009","2009","2010","2010"],"Y_PREVALENCE_1000PP":[0.0928,0.08532,0.11248,0.10323,0.09473]},"PREVALENCE_BY_MONTH":{"X_CALENDAR_MONTH":[],"Y_PREVALENCE_1000PP":[]},"CONDITIONS_BY_TYPE":{"CONCEPT_NAME":[],"COUNT_VALUE":[]},"AGE_AT_FIRST_DIAGNOSIS":{"CATEGORY":["FEMALE","MALE"],"MIN_VALUE":[66,66],"P10_VALUE":[66,66],"P25_VALUE":[66,66],"MEDIAN_VALUE":[71,67],"P75_VALUE":[77,78],"P90_VALUE":[77,78],"MAX_VALUE":[77,78]}}
