{"PREVALENCE_BY_GENDER_AGE_YEAR":{"TRELLIS_NAME":["50-59","30-39","50-59","70-79","80-89","70-79","80-89","60-69","90-99","60-69","60-69","90-99","80-89","70-79","30-39","80-89","60-69","70-79","50-59","50-59","90-99","60-69","60-69","90-99","70-79","80-89","70-79","80-89","50-59"],"SERIES_NAME":["FEMALE","MALE","MALE","MALE","MALE","FEMALE","FEMALE","FEMALE","FEMALE","MALE","FEMALE","FEMALE","FEMALE","FEMALE","MALE","MALE","MALE","MALE","MALE","FEMALE","FEMALE","FEMALE","MALE","MALE","MALE","MALE","FEMALE","FEMALE","MALE"],"X_CALENDAR_YEAR":["2008","2008","2008","2008","2008","2008","2008","2008","2008","2008","2009","2009","2009","2009","2009","2009","2009","2009","2009","2009","2010","2010","2010","2010","2010","2010","2010","2010","2010"],"Y_PREVALENCE_1000PP":[0.60938,0.86957,0.55036,0.34358,0.45162,0.3712,0.27844,0.5152,0.50176,0.41867,0.54238,0.43563,0.672,0.45886,0.97943,0.62768,0.08532,0.78736,0.59844,0.95816,0.19102,0.09473,0.41292,0.42445,0.32621,0.1944,0.26978,0.13005,0.31666]},"PREVALENCE_BY_MONTH":{"X_CALENDAR_MONTH":["200801","200901","201001"],"Y_PREVALENCE_1000PP":[0.00895,0.01842,0.01867]},"CONDITIONS_BY_TYPE":{"CONCEPT_NAME":[],"COUNT_VALUE":[]},"AGE_AT_FIRST_DIAGNOSIS":{"CATEGORY":["FEMALE","MALE"],"MIN_VALUE":[52,31],"P10_VALUE":[62,56],"P25_VALUE":[67,69],"MEDIAN_VALUE":[75,73],"P75_VALUE":[82,78],"P90_VALUE":[86,84],"MAX_VALUE":[98,90]}}
