{"PREVALENCE_BY_GENDER_AGE_YEAR":{"TRELLIS_NAME":["70-79","80-89","80-89","90-99"],"SERIES_NAME":["MALE","FEMALE","FEMALE","MALE"],"X_CALENDAR_YEAR":["2009","2009","2010","2010"],"Y_PREVALENCE_1000PP":[0.05624,0.0672,0.06502,0.42445]},"PREVALENCE_BY_MONTH":{"X_CALENDAR_MONTH":"200901","Y_PREVALENCE_1000PP":0.00921},"CONDITIONS_BY_TYPE":{"CONCEPT_NAME":[],"COUNT_VALUE":[]},"AGE_AT_FIRST_DIAGNOSIS":{"CATEGORY":["FEMALE","MALE"],"MIN_VALUE":[81,73],"P10_VALUE":[81,73],"P25_VALUE":[81,73],"MEDIAN_VALUE":[81,73],"P75_VALUE":[82,94],"P90_VALUE":[82,94],"MAX_VALUE":[82,94]}}
