{"PREVALENCE_BY_GENDER_AGE_YEAR":{"TRELLIS_NAME":["90-99","80-89","80-89","30-39","80-89","70-79","70-79","80-89","60-69","70-79","80-89"],"SERIES_NAME":["FEMALE","FEMALE","MALE","MALE","FEMALE","FEMALE","MALE","MALE","MALE","MALE","FEMALE"],"X_CALENDAR_YEAR":["2008","2008","2008","2009","2009","2009","2009","2009","2010","2010","2010"],"Y_PREVALENCE_1000PP":[0.25088,0.06961,0.22581,0.97943,0.0672,0.04589,0.11248,0.10461,0.10323,0.05437,0.06502]},"PREVALENCE_BY_MONTH":{"X_CALENDAR_MONTH":"200901","Y_PREVALENCE_1000PP":0.00921},"CONDITIONS_BY_TYPE":{"CONCEPT_NAME":[],"COUNT_VALUE":[]},"AGE_AT_FIRST_DIAGNOSIS":{"CATEGORY":["FEMALE","MALE"],"MIN_VALUE":[75,39],"P10_VALUE":[75,39],"P25_VALUE":[82,67],"MEDIAN_VALUE":[84,76],"P75_VALUE":[87,81],"P90_VALUE":[91,89],"MAX_VALUE":[91,89]}}
