{"PREVALENCE_BY_GENDER_AGE_YEAR":{"TRELLIS_NAME":["80-89","70-79","80-89","70-79","60-69","40-49","50-59","70-79","80-89","80-89","70-79","50-59","70-79","80-89","30-39","90-99","80-89"],"SERIES_NAME":["MALE","MALE","FEMALE","FEMALE","FEMALE","FEMALE","FEMALE","FEMALE","MALE","FEMALE","MALE","FEMALE","FEMALE","FEMALE","MALE","FEMALE","MALE"],"X_CALENDAR_YEAR":["2008","2008","2008","2008","2008","2008","2008","2009","2009","2009","2009","2010","2010","2010","2010","2010","2010"],"Y_PREVALENCE_1000PP":[0.22581,0.17179,0.13922,0.1856,0.0644,0.49727,0.30469,0.22943,0.20923,0.2016,0.16872,0.33887,0.08993,0.32512,1.04493,0.19102,0.1944]},"PREVALENCE_BY_MONTH":{"X_CALENDAR_MONTH":["200901","201001"],"Y_PREVALENCE_1000PP":[0.01842,0.01867]},"CONDITIONS_BY_TYPE":{"CONCEPT_NAME":[],"COUNT_VALUE":[]},"AGE_AT_FIRST_DIAGNOSIS":{"CATEGORY":["FEMALE","MALE"],"MIN_VALUE":[40,31],"P10_VALUE":[53,72],"P25_VALUE":[70,73],"MEDIAN_VALUE":[76,77],"P75_VALUE":[82,82],"P90_VALUE":[84,85],"MAX_VALUE":[90,88]}}
