{"PREVALENCE_BY_GENDER_AGE_YEAR":{"TRELLIS_NAME":["80-89","70-79","70-79","60-69","80-89","70-79","70-79","80-89","90-99","60-69","30-39","50-59","90-99","70-79","80-89"],"SERIES_NAME":["FEMALE","FEMALE","MALE","MALE","FEMALE","FEMALE","MALE","MALE","FEMALE","FEMALE","MALE","FEMALE","FEMALE","FEMALE","FEMALE"],"X_CALENDAR_YEAR":["2008","2008","2008","2008","2009","2009","2009","2009","2009","2009","2009","2009","2010","2010","2010"],"Y_PREVALENCE_1000PP":[0.06961,0.0928,0.11453,0.06978,0.1344,0.18355,0.05624,0.10461,0.21782,0.07748,0.97943,0.31939,0.19102,0.04496,0.13005]},"PREVALENCE_BY_MONTH":{"X_CALENDAR_MONTH":"200901","Y_PREVALENCE_1000PP":0.01842},"CONDITIONS_BY_TYPE":{"CONCEPT_NAME":[],"COUNT_VALUE":[]},"AGE_AT_FIRST_DIAGNOSIS":{"CATEGORY":["FEMALE","MALE"],"MIN_VALUE":[54,35],"P10_VALUE":[69,35],"P25_VALUE":[71,65],"MEDIAN_VALUE":[77,73],"P75_VALUE":[83,78],"P90_VALUE":[90,80],"MAX_VALUE":[95,80]}}
