{"PREVALENCE_BY_GENDER_AGE_YEAR":{"TRELLIS_NAME":["80-89","70-79","70-79","80-89","50-59","80-89","60-69","90-99","90-99","80-89","70-79","50-59","50-59","70-79","80-89","80-89"],"SERIES_NAME":["MALE","MALE","FEMALE","FEMALE","MALE","FEMALE","FEMALE","FEMALE","MALE","MALE","MALE","MALE","MALE","MALE","MALE","FEMALE"],"X_CALENDAR_YEAR":["2008","2008","2008","2008","2008","2009","2009","2009","2009","2009","2009","2009","2010","2010","2010","2010"],"Y_PREVALENCE_1000PP":[0.11291,0.05726,0.1856,0.13922,0.27518,0.336,0.15497,0.21782,0.52219,0.31384,0.05624,0.29922,0.31666,0.05437,0.0972,0.13005]},"PREVALENCE_BY_MONTH":{"X_CALENDAR_MONTH":["200901","201001"],"Y_PREVALENCE_1000PP":[0.00921,0.00934]},"CONDITIONS_BY_TYPE":{"CONCEPT_NAME":[],"COUNT_VALUE":[]},"AGE_AT_FIRST_DIAGNOSIS":{"CATEGORY":["FEMALE","MALE"],"MIN_VALUE":[68,51],"P10_VALUE":[69,51],"P25_VALUE":[73,57],"MEDIAN_VALUE":[84,79],"P75_VALUE":[87,85],"P90_VALUE":[89,89],"MAX_VALUE":[90,96]}}
