{"PREVALENCE_BY_GENDER_AGE_YEAR":{"TRELLIS_NAME":["50-59","70-79","70-79","80-89","60-69","70-79","70-79","60-69","70-79","70-79","60-69"],"SERIES_NAME":["MALE","MALE","FEMALE","FEMALE","FEMALE","MALE","FEMALE","FEMALE","FEMALE","MALE","FEMALE"],"X_CALENDAR_YEAR":["2008","2008","2008","2008","2008","2009","2009","2009","2010","2010","2010"],"Y_PREVALENCE_1000PP":[0.27518,0.05726,0.1856,0.06961,0.1288,0.11248,0.04589,0.07748,0.08993,0.05437,0.09473]},"PREVALENCE_BY_MONTH":{"X_CALENDAR_MONTH":"200901","Y_PREVALENCE_1000PP":0.00921},"CONDITIONS_BY_TYPE":{"CONCEPT_NAME":[],"COUNT_VALUE":[]},"AGE_AT_FIRST_DIAGNOSIS":{"CATEGORY":["FEMALE","MALE"],"MIN_VALUE":[67,53],"P10_VALUE":[67,53],"P25_VALUE":[68,70],"MEDIAN_VALUE":[71,72],"P75_VALUE":[74,76],"P90_VALUE":[78,79],"MAX_VALUE":[89,79]}}
