{"PREVALENCE_BY_GENDER_AGE_YEAR":{"TRELLIS_NAME":["60-69","80-89","70-79","80-89","50-59","50-59","70-79","80-89","70-79","60-69","90-99","80-89","70-79","60-69"],"SERIES_NAME":["FEMALE","FEMALE","FEMALE","MALE","MALE","MALE","MALE","MALE","FEMALE","FEMALE","MALE","FEMALE","MALE","FEMALE"],"X_CALENDAR_YEAR":["2008","2008","2008","2008","2008","2009","2009","2009","2009","2009","2009","2010","2010","2010"],"Y_PREVALENCE_1000PP":[0.0644,0.13922,0.1392,0.11291,0.55036,0.29922,0.16872,0.10461,0.09177,0.15497,0.52219,0.06502,0.05437,0.09473]},"PREVALENCE_BY_MONTH":{"X_CALENDAR_MONTH":"200801","Y_PREVALENCE_1000PP":0.00895},"CONDITIONS_BY_TYPE":{"CONCEPT_NAME":[],"COUNT_VALUE":[]},"AGE_AT_FIRST_DIAGNOSIS":{"CATEGORY":["FEMALE","MALE"],"MIN_VALUE":[67,51],"P10_VALUE":[69,51],"P25_VALUE":[69,58],"MEDIAN_VALUE":[71,72],"P75_VALUE":[78,83],"P90_VALUE":[84,83],"MAX_VALUE":[88,92]}}
