{"PREVALENCE_BY_GENDER_AGE_YEAR":{"TRELLIS_NAME":["80-89","70-79","80-89","60-69","50-59","90-99","70-79","60-69","40-49","50-59","30-39","60-69","60-69","90-99","70-79","80-89","70-79","80-89","80-89","30-39","40-49","80-89","60-69","70-79","30-39"],"SERIES_NAME":["MALE","MALE","FEMALE","FEMALE","MALE","FEMALE","FEMALE","MALE","MALE","FEMALE","MALE","MALE","FEMALE","FEMALE","FEMALE","FEMALE","MALE","MALE","FEMALE","MALE","MALE","MALE","FEMALE","MALE","FEMALE"],"X_CALENDAR_YEAR":["2008","2008","2008","2008","2008","2008","2008","2008","2008","2008","2009","2009","2009","2009","2009","2009","2009","2009","2010","2010","2010","2010","2010","2010","2010"],"Y_PREVALENCE_1000PP":[0.11291,0.05726,0.13922,0.2576,0.27518,0.25088,0.1856,0.06978,0.44228,0.30469,0.97943,0.08532,0.15497,0.21782,0.04589,0.1344,0.2812,0.10461,0.06502,1.04493,0.53648,0.2916,0.2842,0.10874,1.19048]},"PREVALENCE_BY_MONTH":{"X_CALENDAR_MONTH":"201001","Y_PREVALENCE_1000PP":0.00934},"CONDITIONS_BY_TYPE":{"CONCEPT_NAME":[],"COUNT_VALUE":[]},"AGE_AT_FIRST_DIAGNOSIS":{"CATEGORY":["FEMALE","MALE"],"MIN_VALUE":[32,30],"P10_VALUE":[60,37],"P25_VALUE":[66,57],"MEDIAN_VALUE":[70,72],"P75_VALUE":[85,79],"P90_VALUE":[89,85],"MAX_VALUE":[98,86]}}
