{"PREVALENCE_BY_GENDER_AGE_YEAR":{"TRELLIS_NAME":["30-39","60-69","50-59"],"SERIES_NAME":["MALE","MALE","FEMALE"],"X_CALENDAR_YEAR":["2008","2008","2009"],"Y_PREVALENCE_1000PP":[0.86957,0.06978,0.31939]},"PREVALENCE_BY_MONTH":{"X_CALENDAR_MONTH":[],"Y_PREVALENCE_1000PP":[]},"CONDITIONS_BY_TYPE":{"CONCEPT_NAME":[],"COUNT_VALUE":[]},"AGE_AT_FIRST_DIAGNOSIS":{"CATEGORY":["FEMALE","MALE"],"MIN_VALUE":[52,31],"P10_VALUE":[52,31],"P25_VALUE":[52,31],"MEDIAN_VALUE":[52,31],"P75_VALUE":[52,67],"P90_VALUE":[52,67],"MAX_VALUE":[52,67]}}
