{"PREVALENCE_BY_GENDER_AGE_YEAR":{"TRELLIS_NAME":["40-49","60-69","90-99","80-89","70-79","70-79","60-69","40-49","20-29","70-79","70-79","80-89","80-89","70-79"],"SERIES_NAME":["FEMALE","MALE","FEMALE","FEMALE","FEMALE","MALE","FEMALE","FEMALE","MALE","MALE","FEMALE","FEMALE","FEMALE","FEMALE"],"X_CALENDAR_YEAR":["2008","2008","2008","2008","2008","2008","2009","2009","2009","2009","2009","2009","2010","2010"],"Y_PREVALENCE_1000PP":[0.49727,0.06978,0.25088,0.20883,0.0928,0.11453,0.15497,0.53333,3.07692,0.22496,0.04589,0.1344,0.13005,0.08993]},"PREVALENCE_BY_MONTH":{"X_CALENDAR_MONTH":["200901","201001"],"Y_PREVALENCE_1000PP":[0.01842,0.00934]},"CONDITIONS_BY_TYPE":{"CONCEPT_NAME":[],"COUNT_VALUE":[]},"AGE_AT_FIRST_DIAGNOSIS":{"CATEGORY":["FEMALE","MALE"],"MIN_VALUE":[45,29],"P10_VALUE":[49,29],"P25_VALUE":[70,68],"MEDIAN_VALUE":[78,74],"P75_VALUE":[83,77],"P90_VALUE":[89,79],"MAX_VALUE":[91,79]}}
