{"PREVALENCE_BY_GENDER_AGE_YEAR":{"TRELLIS_NAME":["50-59","60-69","90-99","70-79","70-79","80-89","50-59","30-39","50-59","40-49","60-69","70-79","70-79","30-39","90-99","80-89","70-79"],"SERIES_NAME":["FEMALE","FEMALE","FEMALE","MALE","FEMALE","FEMALE","MALE","MALE","FEMALE","FEMALE","MALE","MALE","FEMALE","FEMALE","FEMALE","FEMALE","FEMALE"],"X_CALENDAR_YEAR":["2008","2008","2008","2008","2008","2008","2009","2009","2009","2009","2009","2009","2009","2010","2010","2010","2010"],"Y_PREVALENCE_1000PP":[0.30469,0.1288,0.25088,0.11453,0.0464,0.13922,0.29922,0.97943,0.31939,0.53333,0.17065,0.11248,0.09177,1.19048,0.38204,0.06502,0.04496]},"PREVALENCE_BY_MONTH":{"X_CALENDAR_MONTH":"200801","Y_PREVALENCE_1000PP":0.00895},"CONDITIONS_BY_TYPE":{"CONCEPT_NAME":[],"COUNT_VALUE":[]},"AGE_AT_FIRST_DIAGNOSIS":{"CATEGORY":["FEMALE","MALE"],"MIN_VALUE":[39,36],"P10_VALUE":[44,36],"P25_VALUE":[52,55],"MEDIAN_VALUE":[74,69],"P75_VALUE":[83,74],"P90_VALUE":[96,76],"MAX_VALUE":[99,76]}}
