{"PREVALENCE_BY_GENDER_AGE_YEAR":{"TRELLIS_NAME":["80-89","50-59","60-69","90-99","80-89","40-49"],"SERIES_NAME":["FEMALE","FEMALE","MALE","FEMALE","FEMALE","MALE"],"X_CALENDAR_YEAR":["2008","2009","2009","2009","2009","2010"],"Y_PREVALENCE_1000PP":[0.13922,0.31939,0.08532,0.21782,0.2688,0.53648]},"PREVALENCE_BY_MONTH":{"X_CALENDAR_MONTH":[],"Y_PREVALENCE_1000PP":[]},"CONDITIONS_BY_TYPE":{"CONCEPT_NAME":[],"COUNT_VALUE":[]},"AGE_AT_FIRST_DIAGNOSIS":{"CATEGORY":["FEMALE","MALE"],"MIN_VALUE":[56,47],"P10_VALUE":[56,47],"P25_VALUE":[80,47],"MEDIAN_VALUE":[83,47],"P75_VALUE":[85,67],"P90_VALUE":[94,67],"MAX_VALUE":[94,67]}}
