{"PREVALENCE_BY_GENDER_AGE_YEAR":{"TRELLIS_NAME":["80-89","90-99","70-79"],"SERIES_NAME":["FEMALE","FEMALE","MALE"],"X_CALENDAR_YEAR":["2008","2009","2009"],"Y_PREVALENCE_1000PP":[0.06961,0.21782,0.16872]},"PREVALENCE_BY_MONTH":{"X_CALENDAR_MONTH":[],"Y_PREVALENCE_1000PP":[]},"CONDITIONS_BY_TYPE":{"CONCEPT_NAME":[],"COUNT_VALUE":[]},"AGE_AT_FIRST_DIAGNOSIS":{"CATEGORY":["FEMALE","MALE"],"MIN_VALUE":[84,70],"P10_VALUE":[84,70],"P25_VALUE":[84,70],"MEDIAN_VALUE":[84,71],"P75_VALUE":[94,73],"P90_VALUE":[94,73],"MAX_VALUE":[94,73]}}
