{"PREVALENCE_BY_GENDER_AGE_YEAR":{"TRELLIS_NAME":["70-79","80-89","70-79","80-89","60-69","90-99","60-69","90-99","50-59","40-49","50-59","70-79","80-89","70-79","80-89","60-69","90-99","60-69","90-99","40-49","80-89","70-79","80-89","90-99","60-69","60-69","50-59","50-59","20-29"],"SERIES_NAME":["FEMALE","FEMALE","MALE","MALE","MALE","MALE","FEMALE","FEMALE","FEMALE","FEMALE","MALE","FEMALE","FEMALE","MALE","MALE","MALE","MALE","FEMALE","FEMALE","MALE","MALE","MALE","FEMALE","FEMALE","FEMALE","MALE","FEMALE","MALE","MALE"],"X_CALENDAR_YEAR":["2008","2008","2008","2008","2008","2008","2008","2008","2008","2008","2008","2009","2009","2009","2009","2009","2009","2009","2009","2009","2010","2010","2010","2010","2010","2010","2010","2010","2010"],"Y_PREVALENCE_1000PP":[0.3712,0.13922,0.28632,0.22581,0.27912,0.64851,0.1288,0.25088,0.30469,0.49727,0.27518,0.27532,0.5376,0.16872,0.31384,0.51195,1.04439,0.4649,0.43563,0.49188,0.0972,0.21747,0.26009,0.38204,0.18947,0.10323,0.67774,0.31666,4.13223]},"PREVALENCE_BY_MONTH":{"X_CALENDAR_MONTH":["200801","200901","201001"],"Y_PREVALENCE_1000PP":[0.01791,0.03685,0.04669]},"CONDITIONS_BY_TYPE":{"CONCEPT_NAME":[],"COUNT_VALUE":[]},"AGE_AT_FIRST_DIAGNOSIS":{"CATEGORY":["FEMALE","MALE"],"MIN_VALUE":[48,28],"P10_VALUE":[65,58],"P25_VALUE":[69,66],"MEDIAN_VALUE":[75,70],"P75_VALUE":[83,79],"P90_VALUE":[90,89],"MAX_VALUE":[99,95]}}
