{"PREVALENCE_BY_GENDER_AGE_YEAR":{"TRELLIS_NAME":["80-89","40-49","40-49","30-39","60-69","70-79","70-79","70-79"],"SERIES_NAME":["MALE","MALE","FEMALE","FEMALE","FEMALE","FEMALE","MALE","MALE"],"X_CALENDAR_YEAR":["2008","2008","2008","2008","2009","2009","2009","2010"],"Y_PREVALENCE_1000PP":[0.11291,0.44228,0.49727,1.03199,0.23245,0.04589,0.2812,0.05437]},"PREVALENCE_BY_MONTH":{"X_CALENDAR_MONTH":[],"Y_PREVALENCE_1000PP":[]},"CONDITIONS_BY_TYPE":{"CONCEPT_NAME":[],"COUNT_VALUE":[]},"AGE_AT_FIRST_DIAGNOSIS":{"CATEGORY":["FEMALE","MALE"],"MIN_VALUE":[32,41],"P10_VALUE":[32,41],"P25_VALUE":[40,70],"MEDIAN_VALUE":[66,72],"P75_VALUE":[67,77],"P90_VALUE":[74,81],"MAX_VALUE":[74,81]}}
