{"PREVALENCE_BY_GENDER_AGE_YEAR":{"TRELLIS_NAME":["60-69","80-89","90-99","60-69","90-99","50-59","70-79","40-49","70-79","80-89","40-49","40-49","70-79","60-69","90-99","60-69","80-89","80-89","50-59","70-79","30-39","100-109","80-89","60-69","70-79","60-69","70-79","80-89","50-59"],"SERIES_NAME":["FEMALE","FEMALE","FEMALE","MALE","MALE","MALE","MALE","FEMALE","FEMALE","MALE","MALE","FEMALE","MALE","MALE","FEMALE","FEMALE","MALE","FEMALE","MALE","FEMALE","FEMALE","FEMALE","FEMALE","FEMALE","FEMALE","MALE","MALE","MALE","FEMALE"],"X_CALENDAR_YEAR":["2008","2008","2008","2008","2008","2008","2008","2008","2008","2008","2008","2009","2009","2009","2009","2009","2009","2009","2009","2009","2009","2010","2010","2010","2010","2010","2010","2010","2010"],"Y_PREVALENCE_1000PP":[0.1932,0.62648,0.50176,0.06978,0.64851,0.55036,0.22906,0.49727,0.2784,0.67743,0.88456,0.53333,0.5624,0.25597,0.65345,0.23245,0.41845,0.4032,0.29922,0.04589,1.12233,2.56739,0.26009,0.09473,0.13489,0.30969,0.27184,0.2916,0.33887]},"PREVALENCE_BY_MONTH":{"X_CALENDAR_MONTH":["200801","200901","201001"],"Y_PREVALENCE_1000PP":[0.01791,0.02764,0.00934]},"CONDITIONS_BY_TYPE":{"CONCEPT_NAME":[],"COUNT_VALUE":[]},"AGE_AT_FIRST_DIAGNOSIS":{"CATEGORY":["FEMALE","MALE"],"MIN_VALUE":[37,44],"P10_VALUE":[61,59],"P25_VALUE":[70,69],"MEDIAN_VALUE":[82,74],"P75_VALUE":[88,81],"P90_VALUE":[94,85],"MAX_VALUE":[100,97]}}
