{"PREVALENCE_BY_GENDER_AGE_YEAR":{"TRELLIS_NAME":["60-69","80-89","80-89","70-79","80-89","60-69","90-99","30-39","80-89","70-79","70-79","70-79","80-89"],"SERIES_NAME":["FEMALE","MALE","FEMALE","MALE","MALE","FEMALE","FEMALE","MALE","FEMALE","FEMALE","FEMALE","MALE","FEMALE"],"X_CALENDAR_YEAR":["2008","2008","2008","2009","2009","2009","2009","2009","2009","2009","2010","2010","2010"],"Y_PREVALENCE_1000PP":[0.1932,0.22581,0.06961,0.16872,0.31384,0.15497,0.21782,0.97943,0.2016,0.04589,0.04496,0.16311,0.06502]},"PREVALENCE_BY_MONTH":{"X_CALENDAR_MONTH":"201001","Y_PREVALENCE_1000PP":0.00934},"CONDITIONS_BY_TYPE":{"CONCEPT_NAME":[],"COUNT_VALUE":[]},"AGE_AT_FIRST_DIAGNOSIS":{"CATEGORY":["FEMALE","MALE"],"MIN_VALUE":[60,32],"P10_VALUE":[65,70],"P25_VALUE":[69,72],"MEDIAN_VALUE":[77,76],"P75_VALUE":[84,83],"P90_VALUE":[88,84],"MAX_VALUE":[97,85]}}
