{"PREVALENCE_BY_GENDER_AGE_YEAR":{"TRELLIS_NAME":["60-69","80-89","70-79","80-89","70-79","50-59","90-99","50-59","60-69","90-99","70-79","80-89","80-89","70-79","60-69","50-59","90-99","50-59","30-39","60-69","40-49","40-49","80-89","70-79","60-69","90-99","60-69"],"SERIES_NAME":["FEMALE","FEMALE","FEMALE","MALE","MALE","MALE","FEMALE","FEMALE","MALE","MALE","FEMALE","FEMALE","MALE","MALE","FEMALE","MALE","FEMALE","FEMALE","MALE","MALE","FEMALE","MALE","FEMALE","MALE","MALE","FEMALE","FEMALE"],"X_CALENDAR_YEAR":["2008","2008","2008","2008","2008","2008","2008","2008","2008","2008","2009","2009","2009","2009","2009","2009","2009","2009","2009","2009","2009","2010","2010","2010","2010","2010","2010"],"Y_PREVALENCE_1000PP":[0.1288,0.27844,0.1856,0.22581,0.51538,0.27518,0.50176,0.60938,0.20934,0.64851,0.50475,0.4032,0.41845,0.11248,0.23245,0.29922,0.21782,0.31939,0.97943,0.17065,0.53333,0.53648,0.06502,0.10874,0.20646,0.19102,0.09473]},"PREVALENCE_BY_MONTH":{"X_CALENDAR_MONTH":["200801","200901","201001"],"Y_PREVALENCE_1000PP":[0.01791,0.04606,0.00934]},"CONDITIONS_BY_TYPE":{"CONCEPT_NAME":[],"COUNT_VALUE":[]},"AGE_AT_FIRST_DIAGNOSIS":{"CATEGORY":["FEMALE","MALE"],"MIN_VALUE":[41,34],"P10_VALUE":[59,57],"P25_VALUE":[69,69],"MEDIAN_VALUE":[75,73],"P75_VALUE":[85,79],"P90_VALUE":[89,87],"MAX_VALUE":[97,94]}}
