{"PREVALENCE_BY_GENDER_AGE_YEAR":{"TRELLIS_NAME":["50-59","70-79","60-69","90-99","60-69","80-89","80-89","90-99","40-49","70-79","50-59","30-39","50-59","60-69","50-59","70-79","90-99","40-49","60-69","40-49","80-89","80-89","70-79","70-79","60-69","60-69","70-79","80-89"],"SERIES_NAME":["MALE","FEMALE","FEMALE","FEMALE","MALE","MALE","FEMALE","MALE","MALE","MALE","FEMALE","MALE","FEMALE","MALE","MALE","MALE","FEMALE","FEMALE","FEMALE","MALE","FEMALE","MALE","FEMALE","FEMALE","FEMALE","MALE","MALE","MALE"],"X_CALENDAR_YEAR":["2008","2008","2008","2008","2008","2008","2008","2008","2008","2008","2008","2008","2009","2009","2009","2009","2009","2009","2009","2009","2009","2009","2009","2010","2010","2010","2010","2010"],"Y_PREVALENCE_1000PP":[0.27518,0.3712,0.1932,0.25088,0.13956,0.33872,0.13922,0.64851,0.44228,0.34358,0.30469,0.86957,0.31939,0.08532,0.59844,0.16872,0.87127,0.53333,0.23245,0.98377,0.336,0.41845,0.09177,0.17986,0.09473,0.10323,0.10874,0.1944]},"PREVALENCE_BY_MONTH":{"X_CALENDAR_MONTH":["200801","200901","201001"],"Y_PREVALENCE_1000PP":[0.01791,0.00921,0.00934]},"CONDITIONS_BY_TYPE":{"CONCEPT_NAME":[],"COUNT_VALUE":[]},"AGE_AT_FIRST_DIAGNOSIS":{"CATEGORY":["FEMALE","MALE"],"MIN_VALUE":[42,36],"P10_VALUE":[66,48],"P25_VALUE":[69,65],"MEDIAN_VALUE":[74,74],"P75_VALUE":[83,80],"P90_VALUE":[91,84],"MAX_VALUE":[97,93]}}
