{"PREVALENCE_BY_GENDER_AGE_YEAR":{"TRELLIS_NAME":["70-79","60-69","30-39","70-79","80-89","30-39","90-99","70-79"],"SERIES_NAME":["MALE","FEMALE","FEMALE","MALE","MALE","MALE","FEMALE","FEMALE"],"X_CALENDAR_YEAR":["2008","2008","2008","2009","2009","2010","2010","2010"],"Y_PREVALENCE_1000PP":[0.05726,0.1932,1.03199,0.05624,0.10461,1.04493,0.19102,0.04496]},"PREVALENCE_BY_MONTH":{"X_CALENDAR_MONTH":"200901","Y_PREVALENCE_1000PP":0.00921},"CONDITIONS_BY_TYPE":{"CONCEPT_NAME":[],"COUNT_VALUE":[]},"AGE_AT_FIRST_DIAGNOSIS":{"CATEGORY":["FEMALE","MALE"],"MIN_VALUE":[39,37],"P10_VALUE":[39,37],"P25_VALUE":[66,37],"MEDIAN_VALUE":[68,70],"P75_VALUE":[72,79],"P90_VALUE":[94,85],"MAX_VALUE":[94,85]}}
