{"PREVALENCE_BY_GENDER_AGE_YEAR":{"TRELLIS_NAME":["40-49","50-59","70-79","80-89","70-79","80-89","60-69","60-69","30-39","60-69","60-69","80-89","70-79","80-89","70-79","40-49","80-89","70-79","80-89","70-79","90-99","60-69","60-69"],"SERIES_NAME":["MALE","MALE","FEMALE","FEMALE","MALE","MALE","MALE","FEMALE","FEMALE","FEMALE","MALE","MALE","MALE","FEMALE","FEMALE","MALE","MALE","MALE","FEMALE","FEMALE","FEMALE","MALE","FEMALE"],"X_CALENDAR_YEAR":["2008","2008","2008","2008","2008","2008","2008","2008","2008","2009","2009","2009","2009","2009","2009","2009","2010","2010","2010","2010","2010","2010","2010"],"Y_PREVALENCE_1000PP":[0.88456,0.27518,0.1392,0.34804,0.11453,0.22581,0.06978,0.1288,1.03199,0.07748,0.17065,0.41845,0.11248,0.4032,0.13766,0.49188,0.0972,0.10874,0.26009,0.04496,0.38204,0.10323,0.09473]},"PREVALENCE_BY_MONTH":{"X_CALENDAR_MONTH":["200901","201001"],"Y_PREVALENCE_1000PP":[0.03685,0.00934]},"CONDITIONS_BY_TYPE":{"CONCEPT_NAME":[],"COUNT_VALUE":[]},"AGE_AT_FIRST_DIAGNOSIS":{"CATEGORY":["FEMALE","MALE"],"MIN_VALUE":[39,40],"P10_VALUE":[67,48],"P25_VALUE":[74,67],"MEDIAN_VALUE":[81,70],"P75_VALUE":[85,81],"P90_VALUE":[88,82],"MAX_VALUE":[95,85]}}
