{"PREVALENCE_BY_GENDER_AGE_YEAR":{"TRELLIS_NAME":["80-89","60-69","90-99","60-69","90-99","20-29","70-79","80-89","70-79","50-59","50-59","70-79","80-89","70-79","90-99","30-39","60-69","90-99","80-89","60-69","80-89","80-89","90-99"],"SERIES_NAME":["MALE","MALE","MALE","FEMALE","FEMALE","MALE","MALE","FEMALE","FEMALE","MALE","FEMALE","FEMALE","FEMALE","MALE","FEMALE","MALE","FEMALE","MALE","MALE","MALE","MALE","FEMALE","FEMALE"],"X_CALENDAR_YEAR":["2008","2008","2008","2008","2008","2008","2008","2008","2008","2009","2009","2009","2009","2009","2009","2009","2009","2009","2009","2010","2010","2010","2010"],"Y_PREVALENCE_1000PP":[0.22581,0.27912,0.64851,0.322,0.50176,2.43309,0.05726,0.27844,0.0928,0.29922,0.63877,0.04589,0.2688,0.16872,0.21782,0.97943,0.23245,0.52219,0.31384,0.10323,0.3888,0.13005,0.19102]},"PREVALENCE_BY_MONTH":{"X_CALENDAR_MONTH":["200801","201001"],"Y_PREVALENCE_1000PP":[0.00895,0.00934]},"CONDITIONS_BY_TYPE":{"CONCEPT_NAME":[],"COUNT_VALUE":[]},"AGE_AT_FIRST_DIAGNOSIS":{"CATEGORY":["FEMALE","MALE"],"MIN_VALUE":[50,26],"P10_VALUE":[66,51],"P25_VALUE":[68,65],"MEDIAN_VALUE":[80,77],"P75_VALUE":[86,86],"P90_VALUE":[93,89],"MAX_VALUE":[98,93]}}
