{"PREVALENCE_BY_GENDER_AGE_YEAR":{"TRELLIS_NAME":["40-49","30-39","70-79","80-89","70-79","80-89","60-69","30-39","90-99","60-69","50-59","50-59","60-69","70-79","30-39","60-69","70-79","80-89","80-89","70-79","70-79","90-99","80-89"],"SERIES_NAME":["MALE","MALE","FEMALE","FEMALE","MALE","MALE","MALE","FEMALE","MALE","FEMALE","MALE","FEMALE","FEMALE","MALE","MALE","MALE","FEMALE","MALE","FEMALE","FEMALE","MALE","MALE","MALE"],"X_CALENDAR_YEAR":["2008","2008","2008","2008","2008","2008","2008","2008","2008","2008","2009","2009","2009","2009","2009","2009","2009","2009","2009","2010","2010","2010","2010"],"Y_PREVALENCE_1000PP":[0.44228,0.86957,0.1392,0.27844,0.22906,0.11291,0.06978,1.03199,0.64851,0.2576,0.29922,0.63877,0.07748,0.22496,0.97943,0.17065,0.13766,0.41845,0.1344,0.17986,0.21747,0.8489,0.0972]},"PREVALENCE_BY_MONTH":{"X_CALENDAR_MONTH":"201001","Y_PREVALENCE_1000PP":0.01867},"CONDITIONS_BY_TYPE":{"CONCEPT_NAME":[],"COUNT_VALUE":[]},"AGE_AT_FIRST_DIAGNOSIS":{"CATEGORY":["FEMALE","MALE"],"MIN_VALUE":[35,32],"P10_VALUE":[58,44],"P25_VALUE":[65,69],"MEDIAN_VALUE":[73,73],"P75_VALUE":[79,80],"P90_VALUE":[84,91],"MAX_VALUE":[88,97]}}
