{"PREVALENCE_BY_GENDER_AGE_YEAR":{"TRELLIS_NAME":["80-89","80-89","50-59","50-59","90-99","30-39","60-69","30-39","70-79","60-69","20-29","50-59","40-49","100-109","60-69","90-99","60-69","50-59","70-79","80-89","100-109","50-59","70-79","70-79","80-89","60-69","60-69"],"SERIES_NAME":["MALE","FEMALE","MALE","FEMALE","FEMALE","FEMALE","FEMALE","MALE","MALE","MALE","FEMALE","FEMALE","MALE","FEMALE","MALE","MALE","FEMALE","MALE","FEMALE","MALE","MALE","FEMALE","FEMALE","MALE","MALE","MALE","FEMALE"],"X_CALENDAR_YEAR":["2008","2008","2008","2008","2008","2008","2008","2008","2008","2008","2009","2009","2009","2009","2009","2009","2009","2009","2009","2009","2009","2010","2010","2010","2010","2010","2010"],"Y_PREVALENCE_1000PP":[0.33872,0.20883,0.27518,0.60938,0.50176,1.03199,0.1932,0.86957,0.05726,0.27912,3.7594,0.31939,0.49188,2.53807,0.25597,0.52219,0.23245,0.59844,0.13766,0.10461,7.63359,0.33887,0.04496,0.16311,0.0972,0.10323,0.18947]},"PREVALENCE_BY_MONTH":{"X_CALENDAR_MONTH":"200901","Y_PREVALENCE_1000PP":0.02764},"CONDITIONS_BY_TYPE":{"CONCEPT_NAME":[],"COUNT_VALUE":[]},"AGE_AT_FIRST_DIAGNOSIS":{"CATEGORY":["FEMALE","MALE"],"MIN_VALUE":[28,33],"P10_VALUE":[54,58],"P25_VALUE":[58,60],"MEDIAN_VALUE":[69,69],"P75_VALUE":[79,81],"P90_VALUE":[94,84],"MAX_VALUE":[100,100]}}
