{"PREVALENCE_BY_GENDER_AGE_YEAR":{"TRELLIS_NAME":["60-69","90-99","60-69","80-89","70-79","80-89","70-79","40-49","60-69","80-89","70-79","80-89","70-79","60-69","90-99","70-79","80-89","70-79","80-89"],"SERIES_NAME":["FEMALE","MALE","MALE","MALE","MALE","FEMALE","FEMALE","MALE","MALE","MALE","MALE","FEMALE","FEMALE","MALE","FEMALE","FEMALE","FEMALE","MALE","MALE"],"X_CALENDAR_YEAR":["2008","2008","2008","2008","2008","2008","2008","2009","2009","2009","2009","2009","2009","2010","2010","2010","2010","2010","2010"],"Y_PREVALENCE_1000PP":[0.1288,0.64851,0.13956,0.11291,0.05726,0.13922,0.0464,0.49188,0.17065,0.20923,0.11248,0.1344,0.09177,0.10323,0.19102,0.08993,0.19507,0.05437,0.0972]},"PREVALENCE_BY_MONTH":{"X_CALENDAR_MONTH":"201001","Y_PREVALENCE_1000PP":0.01867},"CONDITIONS_BY_TYPE":{"CONCEPT_NAME":[],"COUNT_VALUE":[]},"AGE_AT_FIRST_DIAGNOSIS":{"CATEGORY":["FEMALE","MALE"],"MIN_VALUE":[66,46],"P10_VALUE":[68,64],"P25_VALUE":[72,67],"MEDIAN_VALUE":[80,71],"P75_VALUE":[87,87],"P90_VALUE":[89,88],"MAX_VALUE":[90,98]}}
