{"PREVALENCE_BY_GENDER_AGE_YEAR":{"TRELLIS_NAME":["70-79","60-69","70-79","40-49","80-89","70-79","70-79","90-99","80-89","60-69","90-99","60-69","50-59","80-89","40-49","50-59","80-89"],"SERIES_NAME":["FEMALE","MALE","MALE","FEMALE","FEMALE","FEMALE","MALE","FEMALE","MALE","FEMALE","MALE","MALE","FEMALE","MALE","MALE","MALE","FEMALE"],"X_CALENDAR_YEAR":["2008","2008","2008","2008","2009","2009","2009","2009","2009","2009","2009","2009","2009","2010","2010","2010","2010"],"Y_PREVALENCE_1000PP":[0.0464,0.06978,0.11453,0.49727,0.1344,0.09177,0.05624,0.87127,0.20923,0.07748,1.04439,0.08532,0.31939,0.0972,0.53648,0.31666,0.06502]},"PREVALENCE_BY_MONTH":{"X_CALENDAR_MONTH":["200901","201001"],"Y_PREVALENCE_1000PP":[0.00921,0.00934]},"CONDITIONS_BY_TYPE":{"CONCEPT_NAME":[],"COUNT_VALUE":[]},"AGE_AT_FIRST_DIAGNOSIS":{"CATEGORY":["FEMALE","MALE"],"MIN_VALUE":[44,47],"P10_VALUE":[55,53],"P25_VALUE":[71,67],"MEDIAN_VALUE":[80,73],"P75_VALUE":[95,85],"P90_VALUE":[98,94],"MAX_VALUE":[99,99]}}
