{"PREVALENCE_BY_GENDER_AGE_YEAR":{"TRELLIS_NAME":["50-59","90-99","60-69","60-69","80-89","70-79","80-89","70-79","70-79","80-89","70-79","80-89","60-69","90-99","60-69","90-99","30-39","20-29","50-59","50-59","30-39","60-69","90-99","90-99","70-79","80-89","70-79","80-89"],"SERIES_NAME":["MALE","FEMALE","FEMALE","MALE","MALE","MALE","FEMALE","FEMALE","FEMALE","FEMALE","MALE","MALE","MALE","MALE","FEMALE","FEMALE","MALE","MALE","MALE","FEMALE","FEMALE","MALE","MALE","FEMALE","FEMALE","FEMALE","MALE","MALE"],"X_CALENDAR_YEAR":["2008","2008","2008","2008","2008","2008","2008","2008","2009","2009","2009","2009","2009","2009","2009","2009","2009","2009","2009","2010","2010","2010","2010","2010","2010","2010","2010","2010"],"Y_PREVALENCE_1000PP":[0.27518,0.25088,0.0644,0.27912,0.79034,0.28632,0.13922,0.2784,0.22943,0.2688,0.22496,0.41845,0.25597,1.56658,0.23245,0.43563,0.97943,3.07692,0.29922,0.33887,1.19048,0.10323,0.42445,0.19102,0.13489,0.13005,0.05437,0.0972]},"PREVALENCE_BY_MONTH":{"X_CALENDAR_MONTH":["200801","200901"],"Y_PREVALENCE_1000PP":[0.02686,0.01842]},"CONDITIONS_BY_TYPE":{"CONCEPT_NAME":[],"COUNT_VALUE":[]},"AGE_AT_FIRST_DIAGNOSIS":{"CATEGORY":["FEMALE","MALE"],"MIN_VALUE":[38,26],"P10_VALUE":[67,55],"P25_VALUE":[70,68],"MEDIAN_VALUE":[78,75],"P75_VALUE":[83,84],"P90_VALUE":[90,90],"MAX_VALUE":[96,96]}}
