{"PREVALENCE_BY_GENDER_AGE_YEAR":{"TRELLIS_NAME":["50-59","60-69","60-69","20-29","70-79","90-99","70-79","40-49","90-99","80-89","70-79","40-49","100-109","80-89","70-79","80-89","60-69","90-99","60-69","90-99","50-59","80-89","70-79","70-79","60-69"],"SERIES_NAME":["FEMALE","FEMALE","MALE","FEMALE","MALE","FEMALE","FEMALE","MALE","MALE","FEMALE","MALE","FEMALE","FEMALE","MALE","FEMALE","FEMALE","FEMALE","FEMALE","MALE","MALE","FEMALE","FEMALE","FEMALE","MALE","FEMALE"],"X_CALENDAR_YEAR":["2008","2008","2008","2008","2008","2008","2008","2008","2008","2008","2009","2009","2009","2009","2009","2009","2009","2009","2009","2009","2010","2010","2010","2010","2010"],"Y_PREVALENCE_1000PP":[0.30469,0.0644,0.27912,3.003,0.28632,0.25088,0.2784,0.44228,0.64851,0.20883,0.39368,0.53333,2.53807,0.20923,0.18355,0.4704,0.07748,0.43563,0.08532,0.52219,0.33887,0.26009,0.04496,0.21747,0.09473]},"PREVALENCE_BY_MONTH":{"X_CALENDAR_MONTH":["200801","200901","201001"],"Y_PREVALENCE_1000PP":[0.01791,0.01842,0.03735]},"CONDITIONS_BY_TYPE":{"CONCEPT_NAME":[],"COUNT_VALUE":[]},"AGE_AT_FIRST_DIAGNOSIS":{"CATEGORY":["FEMALE","MALE"],"MIN_VALUE":[28,49],"P10_VALUE":[57,65],"P25_VALUE":[72,70],"MEDIAN_VALUE":[79,74],"P75_VALUE":[83,79],"P90_VALUE":[90,84],"MAX_VALUE":[100,97]}}
