{"PREVALENCE_BY_GENDER_AGE_YEAR":{"TRELLIS_NAME":["90-99","80-89","70-79","80-89","70-79","60-69","30-39","40-49","50-59","90-99","70-79","80-89","70-79","80-89","60-69","90-99","60-69","50-59","30-39","40-49","90-99","60-69","70-79","70-79","80-89"],"SERIES_NAME":["FEMALE","FEMALE","FEMALE","MALE","MALE","MALE","MALE","FEMALE","MALE","MALE","MALE","MALE","FEMALE","FEMALE","FEMALE","FEMALE","MALE","MALE","FEMALE","FEMALE","FEMALE","MALE","MALE","FEMALE","FEMALE"],"X_CALENDAR_YEAR":["2008","2008","2008","2008","2008","2008","2008","2008","2008","2009","2009","2009","2009","2009","2009","2009","2009","2009","2010","2010","2010","2010","2010","2010","2010"],"Y_PREVALENCE_1000PP":[0.25088,0.13922,0.1392,0.11291,0.17179,0.06978,0.86957,0.49727,0.27518,0.52219,0.22496,0.20923,0.09177,0.1344,0.07748,0.21782,0.17065,0.29922,1.19048,0.58241,0.19102,0.10323,0.05437,0.13489,0.06502]},"PREVALENCE_BY_MONTH":{"X_CALENDAR_MONTH":"200901","Y_PREVALENCE_1000PP":0.00921},"CONDITIONS_BY_TYPE":{"CONCEPT_NAME":[],"COUNT_VALUE":[]},"AGE_AT_FIRST_DIAGNOSIS":{"CATEGORY":["FEMALE","MALE"],"MIN_VALUE":[39,33],"P10_VALUE":[49,54],"P25_VALUE":[70,66],"MEDIAN_VALUE":[74,77],"P75_VALUE":[82,79],"P90_VALUE":[90,89],"MAX_VALUE":[96,97]}}
