{"PREVALENCE_BY_GENDER_AGE_YEAR":{"TRELLIS_NAME":["80-89","70-79","70-79","60-69","50-59","30-39","20-29","60-69","80-89","60-69","70-79","80-89","70-79","90-99","60-69","80-89","70-79","40-49"],"SERIES_NAME":["FEMALE","FEMALE","MALE","MALE","MALE","MALE","FEMALE","FEMALE","FEMALE","MALE","FEMALE","MALE","MALE","FEMALE","FEMALE","MALE","MALE","MALE"],"X_CALENDAR_YEAR":["2008","2008","2008","2008","2009","2009","2009","2009","2009","2009","2009","2009","2009","2010","2010","2010","2010","2010"],"Y_PREVALENCE_1000PP":[0.20883,0.0464,0.17179,0.06978,0.59844,0.97943,3.7594,0.07748,0.1344,0.08532,0.13766,0.10461,0.16872,0.19102,0.09473,0.2916,0.10874,0.53648]},"PREVALENCE_BY_MONTH":{"X_CALENDAR_MONTH":["200901","201001"],"Y_PREVALENCE_1000PP":[0.02764,0.00934]},"CONDITIONS_BY_TYPE":{"CONCEPT_NAME":[],"COUNT_VALUE":[]},"AGE_AT_FIRST_DIAGNOSIS":{"CATEGORY":["FEMALE","MALE"],"MIN_VALUE":[29,36],"P10_VALUE":[68,41],"P25_VALUE":[70,65],"MEDIAN_VALUE":[79,73],"P75_VALUE":[84,79],"P90_VALUE":[84,81],"MAX_VALUE":[91,87]}}
