{"PREVALENCE_BY_GENDER_AGE_YEAR":{"TRELLIS_NAME":["60-69","60-69","50-59","90-99","30-39","70-79","40-49","80-89","70-79","80-89","80-89","70-79","80-89","70-79","90-99","60-69","90-99","60-69","30-39","50-59","70-79","70-79","80-89","90-99","90-99","50-59"],"SERIES_NAME":["MALE","FEMALE","MALE","FEMALE","MALE","FEMALE","FEMALE","FEMALE","MALE","MALE","MALE","MALE","FEMALE","FEMALE","FEMALE","FEMALE","MALE","MALE","MALE","FEMALE","FEMALE","MALE","MALE","MALE","FEMALE","MALE"],"X_CALENDAR_YEAR":["2008","2008","2008","2008","2008","2008","2008","2008","2008","2008","2009","2009","2009","2009","2009","2009","2009","2009","2009","2009","2010","2010","2010","2010","2010","2010"],"Y_PREVALENCE_1000PP":[0.06978,0.3864,0.55036,0.25088,0.86957,0.232,0.49727,0.13922,0.17179,0.33872,0.52307,0.16872,0.1344,0.13766,0.43563,0.07748,0.52219,0.3413,1.95886,0.63877,0.17986,0.16311,0.2916,0.8489,0.19102,0.31666]},"PREVALENCE_BY_MONTH":{"X_CALENDAR_MONTH":["200801","201001"],"Y_PREVALENCE_1000PP":[0.01791,0.01867]},"CONDITIONS_BY_TYPE":{"CONCEPT_NAME":[],"COUNT_VALUE":[]},"AGE_AT_FIRST_DIAGNOSIS":{"CATEGORY":["FEMALE","MALE"],"MIN_VALUE":[48,33],"P10_VALUE":[57,50],"P25_VALUE":[68,67],"MEDIAN_VALUE":[72,73],"P75_VALUE":[81,85],"P90_VALUE":[91,87],"MAX_VALUE":[94,94]}}
