{"PREVALENCE_BY_GENDER_AGE_YEAR":{"TRELLIS_NAME":["60-69","70-79","50-59","30-39","70-79","60-69","60-69","90-99","70-79"],"SERIES_NAME":["FEMALE","MALE","MALE","MALE","MALE","FEMALE","MALE","FEMALE","FEMALE"],"X_CALENDAR_YEAR":["2008","2008","2008","2008","2009","2009","2009","2010","2010"],"Y_PREVALENCE_1000PP":[0.0644,0.05726,0.55036,0.86957,0.05624,0.07748,0.08532,0.19102,0.04496]},"PREVALENCE_BY_MONTH":{"X_CALENDAR_MONTH":"201001","Y_PREVALENCE_1000PP":0.00934},"CONDITIONS_BY_TYPE":{"CONCEPT_NAME":[],"COUNT_VALUE":[]},"AGE_AT_FIRST_DIAGNOSIS":{"CATEGORY":["FEMALE","MALE"],"MIN_VALUE":[69,33],"P10_VALUE":[69,33],"P25_VALUE":[69,55],"MEDIAN_VALUE":[69,59],"P75_VALUE":[79,77],"P90_VALUE":[97,78],"MAX_VALUE":[97,78]}}
