{"PREVALENCE_BY_GENDER_AGE_YEAR":{"TRELLIS_NAME":["70-79","80-89","70-79","80-89","70-79"],"SERIES_NAME":["FEMALE","FEMALE","MALE","FEMALE","FEMALE"],"X_CALENDAR_YEAR":["2009","2009","2009","2010","2010"],"Y_PREVALENCE_1000PP":[0.04589,0.0672,0.05624,0.06502,0.04496]},"PREVALENCE_BY_MONTH":{"X_CALENDAR_MONTH":"200901","Y_PREVALENCE_1000PP":0.00921},"CONDITIONS_BY_TYPE":{"CONCEPT_NAME":[],"COUNT_VALUE":[]},"AGE_AT_FIRST_DIAGNOSIS":{"CATEGORY":["FEMALE","MALE"],"MIN_VALUE":[75,76],"P10_VALUE":[75,76],"P25_VALUE":[75,76],"MEDIAN_VALUE":[75,76],"P75_VALUE":[83,76],"P90_VALUE":[84,76],"MAX_VALUE":[84,76]}}
