{"PREVALENCE_BY_GENDER_AGE_YEAR":{"TRELLIS_NAME":["90-99","60-69","90-99","60-69","80-89","70-79","50-59","70-79","80-89","60-69","80-89","80-89","60-69"],"SERIES_NAME":["FEMALE","FEMALE","MALE","MALE","MALE","MALE","FEMALE","FEMALE","MALE","FEMALE","MALE","FEMALE","MALE"],"X_CALENDAR_YEAR":["2008","2008","2008","2008","2008","2008","2008","2009","2009","2009","2010","2010","2010"],"Y_PREVALENCE_1000PP":[0.50176,0.0644,0.64851,0.13956,0.22581,0.05726,0.30469,0.04589,0.10461,0.07748,0.0972,0.13005,0.10323]},"PREVALENCE_BY_MONTH":{"X_CALENDAR_MONTH":[],"Y_PREVALENCE_1000PP":[]},"CONDITIONS_BY_TYPE":{"CONCEPT_NAME":[],"COUNT_VALUE":[]},"AGE_AT_FIRST_DIAGNOSIS":{"CATEGORY":["FEMALE","MALE"],"MIN_VALUE":[50,65],"P10_VALUE":[50,65],"P25_VALUE":[68,68],"MEDIAN_VALUE":[71,81],"P75_VALUE":[86,85],"P90_VALUE":[96,92],"MAX_VALUE":[96,92]}}
