{"PREVALENCE_BY_GENDER_AGE_YEAR":{"TRELLIS_NAME":["70-79","60-69","50-59","90-99","90-99","80-89","60-69","50-59","70-79","80-89","40-49","40-49","40-49","100-109","50-59","50-59","70-79","80-89","70-79","80-89","60-69","60-69","90-99","30-39","60-69","50-59","80-89","70-79","70-79"],"SERIES_NAME":["MALE","MALE","MALE","FEMALE","MALE","MALE","FEMALE","FEMALE","FEMALE","FEMALE","FEMALE","MALE","MALE","FEMALE","FEMALE","MALE","MALE","MALE","FEMALE","FEMALE","FEMALE","MALE","FEMALE","MALE","FEMALE","FEMALE","FEMALE","FEMALE","MALE"],"X_CALENDAR_YEAR":["2008","2008","2008","2008","2008","2008","2008","2008","2008","2008","2008","2008","2009","2009","2009","2009","2009","2009","2009","2009","2009","2009","2009","2010","2010","2010","2010","2010","2010"],"Y_PREVALENCE_1000PP":[0.57264,0.41867,0.27518,0.25088,0.64851,0.33872,0.5152,0.30469,0.3712,0.27844,0.99453,1.32685,1.47565,2.53807,1.27755,0.29922,0.16872,0.41845,0.3212,0.4032,0.15497,0.3413,0.21782,1.04493,0.18947,0.33887,0.19507,0.22482,0.27184]},"PREVALENCE_BY_MONTH":{"X_CALENDAR_MONTH":["200801","200901","201001"],"Y_PREVALENCE_1000PP":[0.00895,0.03685,0.01867]},"CONDITIONS_BY_TYPE":{"CONCEPT_NAME":[],"COUNT_VALUE":[]},"AGE_AT_FIRST_DIAGNOSIS":{"CATEGORY":["FEMALE","MALE"],"MIN_VALUE":[45,39],"P10_VALUE":[54,48],"P25_VALUE":[67,63],"MEDIAN_VALUE":[72,74],"P75_VALUE":[81,78],"P90_VALUE":[85,83],"MAX_VALUE":[100,91]}}
