{"PREVALENCE_BY_GENDER_AGE_YEAR":{"TRELLIS_NAME":["60-69","70-79","60-69","80-89","70-79","80-89","80-89","60-69","70-79","80-89","60-69","70-79","30-39","60-69","80-89","50-59","50-59","80-89","70-79"],"SERIES_NAME":["MALE","FEMALE","FEMALE","MALE","MALE","FEMALE","FEMALE","FEMALE","FEMALE","MALE","MALE","MALE","MALE","FEMALE","FEMALE","MALE","FEMALE","MALE","MALE"],"X_CALENDAR_YEAR":["2008","2008","2008","2008","2008","2008","2009","2009","2009","2009","2009","2009","2009","2010","2010","2010","2010","2010","2010"],"Y_PREVALENCE_1000PP":[0.20934,0.0464,0.0644,0.11291,0.11453,0.20883,0.2688,0.07748,0.04589,0.20923,0.25597,0.11248,0.97943,0.37893,0.06502,0.31666,0.33887,0.0972,0.05437]},"PREVALENCE_BY_MONTH":{"X_CALENDAR_MONTH":["200801","201001"],"Y_PREVALENCE_1000PP":[0.00895,0.01867]},"CONDITIONS_BY_TYPE":{"CONCEPT_NAME":[],"COUNT_VALUE":[]},"AGE_AT_FIRST_DIAGNOSIS":{"CATEGORY":["FEMALE","MALE"],"MIN_VALUE":[50,38],"P10_VALUE":[67,57],"P25_VALUE":[68,67],"MEDIAN_VALUE":[78,71],"P75_VALUE":[84,77],"P90_VALUE":[85,88],"MAX_VALUE":[85,88]}}
