{"PREVALENCE_BY_GENDER_AGE_YEAR":{"TRELLIS_NAME":["80-89","80-89","70-79","60-69","90-99","60-69","30-39","80-89","70-79","80-89","70-79","90-99","60-69","90-99","60-69","60-69","80-89","60-69","70-79"],"SERIES_NAME":["FEMALE","MALE","MALE","MALE","FEMALE","FEMALE","FEMALE","FEMALE","FEMALE","MALE","MALE","MALE","MALE","FEMALE","FEMALE","FEMALE","FEMALE","MALE","MALE"],"X_CALENDAR_YEAR":["2008","2008","2008","2008","2008","2008","2008","2009","2009","2009","2009","2009","2009","2009","2009","2010","2010","2010","2010"],"Y_PREVALENCE_1000PP":[0.13922,0.11291,0.17179,0.13956,0.25088,0.0644,1.03199,0.1344,0.13766,0.10461,0.05624,0.52219,0.3413,0.21782,0.15497,0.09473,0.19507,0.20646,0.05437]},"PREVALENCE_BY_MONTH":{"X_CALENDAR_MONTH":"200901","Y_PREVALENCE_1000PP":0.00921},"CONDITIONS_BY_TYPE":{"CONCEPT_NAME":[],"COUNT_VALUE":[]},"AGE_AT_FIRST_DIAGNOSIS":{"CATEGORY":["FEMALE","MALE"],"MIN_VALUE":[37,61],"P10_VALUE":[62,66],"P25_VALUE":[69,66],"MEDIAN_VALUE":[80,69],"P75_VALUE":[87,75],"P90_VALUE":[93,87],"MAX_VALUE":[95,90]}}
