{"PREVALENCE_BY_GENDER_AGE_YEAR":{"TRELLIS_NAME":["40-49","70-79","80-89","60-69","80-89"],"SERIES_NAME":["FEMALE","FEMALE","MALE","FEMALE","FEMALE"],"X_CALENDAR_YEAR":["2008","2008","2008","2009","2009"],"Y_PREVALENCE_1000PP":[0.49727,0.0928,0.11291,0.15497,0.0672]},"PREVALENCE_BY_MONTH":{"X_CALENDAR_MONTH":[],"Y_PREVALENCE_1000PP":[]},"CONDITIONS_BY_TYPE":{"CONCEPT_NAME":[],"COUNT_VALUE":[]},"AGE_AT_FIRST_DIAGNOSIS":{"CATEGORY":["FEMALE","MALE"],"MIN_VALUE":[45,84],"P10_VALUE":[45,84],"P25_VALUE":[64,84],"MEDIAN_VALUE":[66,84],"P75_VALUE":[79,84],"P90_VALUE":[84,84],"MAX_VALUE":[84,84]}}
