{"PREVALENCE_BY_GENDER_AGE_YEAR":{"TRELLIS_NAME":["90-99","80-89","70-79"],"SERIES_NAME":["FEMALE","FEMALE","MALE"],"X_CALENDAR_YEAR":["2008","2009","2010"],"Y_PREVALENCE_1000PP":[0.25088,0.0672,0.05437]},"PREVALENCE_BY_MONTH":{"X_CALENDAR_MONTH":[],"Y_PREVALENCE_1000PP":[]},"CONDITIONS_BY_TYPE":{"CONCEPT_NAME":[],"COUNT_VALUE":[]},"AGE_AT_FIRST_DIAGNOSIS":{"CATEGORY":["FEMALE","MALE"],"MIN_VALUE":[80,78],"P10_VALUE":[80,78],"P25_VALUE":[80,78],"MEDIAN_VALUE":[80,78],"P75_VALUE":[94,78],"P90_VALUE":[94,78],"MAX_VALUE":[94,78]}}
