{"PREVALENCE_BY_GENDER_AGE_YEAR":{"TRELLIS_NAME":["80-89","70-79","60-69","90-99","60-69","40-49","60-69","70-79","80-89","70-79","80-89","80-89","80-89","90-99","60-69"],"SERIES_NAME":["FEMALE","FEMALE","MALE","FEMALE","FEMALE","FEMALE","MALE","MALE","MALE","FEMALE","FEMALE","MALE","FEMALE","FEMALE","MALE"],"X_CALENDAR_YEAR":["2008","2008","2008","2008","2008","2009","2009","2009","2009","2009","2009","2010","2010","2010","2010"],"Y_PREVALENCE_1000PP":[0.13922,0.0464,0.13956,0.25088,0.1932,0.53333,0.08532,0.11248,0.20923,0.09177,0.336,0.0972,0.06502,0.19102,0.10323]},"PREVALENCE_BY_MONTH":{"X_CALENDAR_MONTH":["200801","201001"],"Y_PREVALENCE_1000PP":[0.00895,0.00934]},"CONDITIONS_BY_TYPE":{"CONCEPT_NAME":[],"COUNT_VALUE":[]},"AGE_AT_FIRST_DIAGNOSIS":{"CATEGORY":["FEMALE","MALE"],"MIN_VALUE":[41,66],"P10_VALUE":[66,66],"P25_VALUE":[74,67],"MEDIAN_VALUE":[81,70],"P75_VALUE":[86,80],"P90_VALUE":[91,88],"MAX_VALUE":[94,88]}}
