{"PREVALENCE_BY_GENDER_AGE_YEAR":{"TRELLIS_NAME":["60-69","90-99","80-89","70-79","80-89","30-39","70-79","70-79","80-89","50-59","70-79","80-89","60-69","60-69","60-69","100-109","60-69","70-79","90-99","80-89","50-59"],"SERIES_NAME":["MALE","FEMALE","MALE","FEMALE","FEMALE","FEMALE","MALE","FEMALE","FEMALE","MALE","MALE","MALE","FEMALE","MALE","MALE","MALE","FEMALE","FEMALE","MALE","FEMALE","MALE"],"X_CALENDAR_YEAR":["2008","2008","2008","2008","2008","2008","2008","2009","2009","2009","2009","2009","2009","2009","2010","2010","2010","2010","2010","2010","2010"],"Y_PREVALENCE_1000PP":[0.06978,0.25088,0.22581,0.232,0.13922,2.06398,0.11453,0.13766,0.2688,0.29922,0.22496,0.10461,0.23245,0.25597,0.10323,3.83142,0.09473,0.13489,1.27334,0.13005,0.31666]},"PREVALENCE_BY_MONTH":{"X_CALENDAR_MONTH":["200901","201001"],"Y_PREVALENCE_1000PP":[0.02764,0.01867]},"CONDITIONS_BY_TYPE":{"CONCEPT_NAME":[],"COUNT_VALUE":[]},"AGE_AT_FIRST_DIAGNOSIS":{"CATEGORY":["FEMALE","MALE"],"MIN_VALUE":[32,58],"P10_VALUE":[66,58],"P25_VALUE":[70,68],"MEDIAN_VALUE":[73,74],"P75_VALUE":[84,87],"P90_VALUE":[86,92],"MAX_VALUE":[95,101]}}
