{"PREVALENCE_BY_GENDER_AGE_YEAR":{"TRELLIS_NAME":["40-49","50-59","70-79","80-89","70-79","80-89","60-69","60-69","90-99","40-49","50-59","40-49","100-109","70-79","80-89","30-39","70-79","80-89","60-69","90-99","60-69","100-109","80-89","70-79","80-89","70-79","60-69","90-99","60-69"],"SERIES_NAME":["MALE","FEMALE","MALE","MALE","FEMALE","FEMALE","FEMALE","MALE","MALE","FEMALE","FEMALE","MALE","MALE","MALE","MALE","MALE","FEMALE","FEMALE","FEMALE","FEMALE","MALE","FEMALE","FEMALE","FEMALE","MALE","MALE","MALE","FEMALE","FEMALE"],"X_CALENDAR_YEAR":["2008","2008","2008","2008","2008","2008","2008","2008","2008","2009","2009","2009","2009","2009","2009","2009","2009","2009","2009","2009","2009","2010","2010","2010","2010","2010","2010","2010","2010"],"Y_PREVALENCE_1000PP":[0.44228,0.30469,0.28632,0.33872,0.3248,0.7657,0.1932,0.13956,0.64851,1.06667,0.31939,0.49188,7.63359,0.5624,0.10461,0.97943,0.27532,0.336,0.38742,0.43563,0.25597,1.2837,0.13005,0.26978,0.0972,0.10874,0.10323,0.38204,0.09473]},"PREVALENCE_BY_MONTH":{"X_CALENDAR_MONTH":["200801","200901","201001"],"Y_PREVALENCE_1000PP":[0.01791,0.03685,0.02801]},"CONDITIONS_BY_TYPE":{"CONCEPT_NAME":[],"COUNT_VALUE":[]},"AGE_AT_FIRST_DIAGNOSIS":{"CATEGORY":["FEMALE","MALE"],"MIN_VALUE":[46,30],"P10_VALUE":[61,65],"P25_VALUE":[72,69],"MEDIAN_VALUE":[77,74],"P75_VALUE":[84,79],"P90_VALUE":[89,83],"MAX_VALUE":[101,100]}}
