{"PREVALENCE_BY_GENDER_AGE_YEAR":{"TRELLIS_NAME":["60-69","60-69","70-79"],"SERIES_NAME":["MALE","MALE","FEMALE"],"X_CALENDAR_YEAR":["2008","2009","2009"],"Y_PREVALENCE_1000PP":[0.06978,0.08532,0.04589]},"PREVALENCE_BY_MONTH":{"X_CALENDAR_MONTH":[],"Y_PREVALENCE_1000PP":[]},"CONDITIONS_BY_TYPE":{"CONCEPT_NAME":[],"COUNT_VALUE":[]},"AGE_AT_FIRST_DIAGNOSIS":{"CATEGORY":["FEMALE","MALE"],"MIN_VALUE":[77,61],"P10_VALUE":[77,61],"P25_VALUE":[77,61],"MEDIAN_VALUE":[77,61],"P75_VALUE":[77,69],"P90_VALUE":[77,69],"MAX_VALUE":[77,69]}}
