{"PREVALENCE_BY_GENDER_AGE_YEAR":{"TRELLIS_NAME":["70-79","80-89","60-69","90-99","50-59","60-69","70-79"],"SERIES_NAME":["FEMALE","FEMALE","MALE","MALE","FEMALE","FEMALE","MALE"],"X_CALENDAR_YEAR":["2008","2008","2008","2008","2008","2010","2010"],"Y_PREVALENCE_1000PP":[0.0928,0.13922,0.06978,0.64851,0.30469,0.09473,0.05437]},"PREVALENCE_BY_MONTH":{"X_CALENDAR_MONTH":"201001","Y_PREVALENCE_1000PP":0.00934},"CONDITIONS_BY_TYPE":{"CONCEPT_NAME":[],"COUNT_VALUE":[]},"AGE_AT_FIRST_DIAGNOSIS":{"CATEGORY":["FEMALE","MALE"],"MIN_VALUE":[50,62],"P10_VALUE":[50,62],"P25_VALUE":[62,62],"MEDIAN_VALUE":[74,79],"P75_VALUE":[80,97],"P90_VALUE":[88,97],"MAX_VALUE":[88,97]}}
