{"PREVALENCE_BY_GENDER_AGE_YEAR":{"TRELLIS_NAME":["80-89","80-89","70-79","50-59","60-69","90-99","60-69","70-79","60-69","60-69","80-89","70-79","80-89","20-29","50-59","30-39","30-39","40-49","80-89","70-79","80-89","90-99","40-49"],"SERIES_NAME":["FEMALE","MALE","MALE","MALE","MALE","FEMALE","FEMALE","MALE","MALE","FEMALE","MALE","FEMALE","FEMALE","FEMALE","FEMALE","MALE","FEMALE","FEMALE","MALE","FEMALE","FEMALE","FEMALE","MALE"],"X_CALENDAR_YEAR":["2008","2008","2008","2008","2008","2008","2008","2009","2009","2009","2009","2009","2009","2009","2009","2009","2009","2009","2010","2010","2010","2010","2010"],"Y_PREVALENCE_1000PP":[0.06961,0.11291,0.22906,0.27518,0.27912,0.25088,0.1932,0.05624,0.08532,0.15497,0.20923,0.18355,0.0672,3.7594,0.63877,0.97943,1.12233,0.53333,0.0972,0.08993,0.13005,0.38204,0.53648]},"PREVALENCE_BY_MONTH":{"X_CALENDAR_MONTH":["200801","201001"],"Y_PREVALENCE_1000PP":[0.02686,0.00934]},"CONDITIONS_BY_TYPE":{"CONCEPT_NAME":[],"COUNT_VALUE":[]},"AGE_AT_FIRST_DIAGNOSIS":{"CATEGORY":["FEMALE","MALE"],"MIN_VALUE":[26,32],"P10_VALUE":[48,43],"P25_VALUE":[60,62],"MEDIAN_VALUE":[71,71],"P75_VALUE":[81,79],"P90_VALUE":[91,86],"MAX_VALUE":[96,89]}}
