{"PREVALENCE_BY_GENDER_AGE_YEAR":{"TRELLIS_NAME":["60-69","40-49","70-79","70-79","90-99"],"SERIES_NAME":["FEMALE","FEMALE","FEMALE","MALE","FEMALE"],"X_CALENDAR_YEAR":["2008","2009","2009","2010","2010"],"Y_PREVALENCE_1000PP":[0.0644,0.53333,0.04589,0.05437,0.19102]},"PREVALENCE_BY_MONTH":{"X_CALENDAR_MONTH":["200901","201001"],"Y_PREVALENCE_1000PP":[0.00921,0.00934]},"CONDITIONS_BY_TYPE":{"CONCEPT_NAME":[],"COUNT_VALUE":[]},"AGE_AT_FIRST_DIAGNOSIS":{"CATEGORY":["FEMALE","MALE"],"MIN_VALUE":[49,70],"P10_VALUE":[49,70],"P25_VALUE":[49,70],"MEDIAN_VALUE":[65,70],"P75_VALUE":[79,70],"P90_VALUE":[94,70],"MAX_VALUE":[94,70]}}
