{"PREVALENCE_BY_GENDER_AGE_YEAR":{"TRELLIS_NAME":["50-59","20-29","90-99","60-69","90-99","80-89","70-79","80-89","60-69","40-49","70-79","50-59","50-59","80-89","70-79","80-89","70-79","40-49","90-99","60-69","90-99","60-69","30-39","100-109","70-79","80-89","70-79","80-89","60-69","90-99"],"SERIES_NAME":["FEMALE","MALE","MALE","MALE","FEMALE","FEMALE","FEMALE","MALE","FEMALE","FEMALE","MALE","FEMALE","MALE","FEMALE","FEMALE","MALE","MALE","FEMALE","MALE","MALE","FEMALE","FEMALE","FEMALE","FEMALE","MALE","MALE","FEMALE","FEMALE","FEMALE","FEMALE"],"X_CALENDAR_YEAR":["2008","2008","2008","2008","2008","2008","2008","2008","2008","2008","2008","2009","2009","2009","2009","2009","2009","2009","2009","2009","2009","2009","2010","2010","2010","2010","2010","2010","2010","2010"],"Y_PREVALENCE_1000PP":[0.60938,4.86618,0.64851,0.20934,1.00351,0.7657,0.3712,0.90324,0.5796,0.49727,0.40085,0.63877,0.89767,0.2016,0.36709,0.83691,0.33744,1.6,0.52219,0.42662,0.21782,0.07748,1.19048,1.2837,0.27184,0.3888,0.17986,0.45517,0.18947,0.19102]},"PREVALENCE_BY_MONTH":{"X_CALENDAR_MONTH":["200801","200901","201001"],"Y_PREVALENCE_1000PP":[0.03582,0.05527,0.02801]},"CONDITIONS_BY_TYPE":{"CONCEPT_NAME":[],"COUNT_VALUE":[]},"AGE_AT_FIRST_DIAGNOSIS":{"CATEGORY":["FEMALE","MALE"],"MIN_VALUE":[35,27],"P10_VALUE":[52,63],"P25_VALUE":[68,70],"MEDIAN_VALUE":[77,75],"P75_VALUE":[85,82],"P90_VALUE":[90,86],"MAX_VALUE":[101,92]}}
