{"PREVALENCE_BY_GENDER_AGE_YEAR":{"TRELLIS_NAME":["50-59","60-69","60-69","80-89","70-79","80-89","70-79","50-59","60-69","90-99","80-89","70-79","80-89","70-79","80-89","70-79","80-89","70-79","60-69"],"SERIES_NAME":["FEMALE","MALE","FEMALE","FEMALE","FEMALE","MALE","MALE","MALE","MALE","FEMALE","FEMALE","MALE","MALE","FEMALE","FEMALE","FEMALE","MALE","MALE","FEMALE"],"X_CALENDAR_YEAR":["2008","2008","2008","2008","2008","2008","2008","2009","2009","2009","2009","2009","2009","2009","2010","2010","2010","2010","2010"],"Y_PREVALENCE_1000PP":[0.30469,0.06978,0.1288,0.13922,0.1392,0.11291,0.11453,0.29922,0.17065,0.65345,0.2688,0.05624,0.20923,0.09177,0.06502,0.04496,0.0972,0.05437,0.09473]},"PREVALENCE_BY_MONTH":{"X_CALENDAR_MONTH":"200901","Y_PREVALENCE_1000PP":0.00921},"CONDITIONS_BY_TYPE":{"CONCEPT_NAME":[],"COUNT_VALUE":[]},"AGE_AT_FIRST_DIAGNOSIS":{"CATEGORY":["FEMALE","MALE"],"MIN_VALUE":[50,53],"P10_VALUE":[62,61],"P25_VALUE":[70,68],"MEDIAN_VALUE":[76,72],"P75_VALUE":[87,80],"P90_VALUE":[90,88],"MAX_VALUE":[97,89]}}
