{"PREVALENCE_BY_GENDER_AGE_YEAR":{"TRELLIS_NAME":["70-79","30-39","60-69","70-79"],"SERIES_NAME":["FEMALE","MALE","MALE","MALE"],"X_CALENDAR_YEAR":["2008","2009","2009","2010"],"Y_PREVALENCE_1000PP":[0.0464,0.97943,0.08532,0.05437]},"PREVALENCE_BY_MONTH":{"X_CALENDAR_MONTH":[],"Y_PREVALENCE_1000PP":[]},"CONDITIONS_BY_TYPE":{"CONCEPT_NAME":[],"COUNT_VALUE":[]},"AGE_AT_FIRST_DIAGNOSIS":{"CATEGORY":["FEMALE","MALE"],"MIN_VALUE":[79,38],"P10_VALUE":[79,38],"P25_VALUE":[79,38],"MEDIAN_VALUE":[79,66],"P75_VALUE":[79,74],"P90_VALUE":[79,74],"MAX_VALUE":[79,74]}}
