{"PREVALENCE_BY_GENDER_AGE_YEAR":{"TRELLIS_NAME":["80-89","70-79","80-89","70-79","60-69","60-69","50-59","70-79","50-59","100-109","80-89","50-59","80-89","60-69","80-89","70-79"],"SERIES_NAME":["MALE","MALE","FEMALE","FEMALE","FEMALE","MALE","MALE","FEMALE","FEMALE","FEMALE","FEMALE","MALE","MALE","MALE","MALE","MALE"],"X_CALENDAR_YEAR":["2008","2008","2008","2008","2008","2008","2008","2009","2009","2009","2009","2009","2009","2010","2010","2010"],"Y_PREVALENCE_1000PP":[0.22581,0.05726,0.06961,0.0464,0.1288,0.06978,0.27518,0.09177,0.31939,2.53807,0.0672,0.29922,0.10461,0.10323,0.0972,0.10874]},"PREVALENCE_BY_MONTH":{"X_CALENDAR_MONTH":["200801","201001"],"Y_PREVALENCE_1000PP":[0.00895,0.00934]},"CONDITIONS_BY_TYPE":{"CONCEPT_NAME":[],"COUNT_VALUE":[]},"AGE_AT_FIRST_DIAGNOSIS":{"CATEGORY":["FEMALE","MALE"],"MIN_VALUE":[58,58],"P10_VALUE":[58,59],"P25_VALUE":[68,67],"MEDIAN_VALUE":[72,74],"P75_VALUE":[84,84],"P90_VALUE":[100,89],"MAX_VALUE":[100,89]}}
