{"PREVALENCE_BY_GENDER_AGE_YEAR":{"TRELLIS_NAME":["60-69","90-99","60-69","70-79","80-89","50-59","80-89","50-59","40-49","70-79","80-89","70-79","90-99","60-69","60-69","80-89","50-59","90-99","80-89","70-79"],"SERIES_NAME":["MALE","MALE","FEMALE","FEMALE","FEMALE","MALE","MALE","FEMALE","FEMALE","MALE","FEMALE","FEMALE","FEMALE","FEMALE","MALE","MALE","MALE","FEMALE","FEMALE","FEMALE"],"X_CALENDAR_YEAR":["2008","2008","2008","2008","2008","2008","2008","2008","2008","2009","2009","2009","2009","2009","2009","2009","2009","2010","2010","2010"],"Y_PREVALENCE_1000PP":[0.27912,0.64851,0.1932,0.2784,0.20883,0.27518,0.22581,0.30469,0.49727,0.11248,0.1344,0.13766,0.21782,0.07748,0.25597,0.10461,0.29922,0.19102,0.19507,0.08993]},"PREVALENCE_BY_MONTH":{"X_CALENDAR_MONTH":["200801","200901"],"Y_PREVALENCE_1000PP":[0.00895,0.01842]},"CONDITIONS_BY_TYPE":{"CONCEPT_NAME":[],"COUNT_VALUE":[]},"AGE_AT_FIRST_DIAGNOSIS":{"CATEGORY":["FEMALE","MALE"],"MIN_VALUE":[49,52],"P10_VALUE":[66,58],"P25_VALUE":[70,63],"MEDIAN_VALUE":[74,68],"P75_VALUE":[83,80],"P90_VALUE":[89,86],"MAX_VALUE":[99,91]}}
