{"PREVALENCE_BY_GENDER_AGE_YEAR":{"TRELLIS_NAME":["60-69","50-59","60-69","70-79","40-49","80-89","70-79","50-59","80-89","40-49","60-69","80-89","90-99","70-79","60-69","90-99","80-89","70-79","70-79","80-89","70-79","90-99","60-69","90-99","60-69","50-59","80-89"],"SERIES_NAME":["FEMALE","MALE","MALE","FEMALE","MALE","MALE","MALE","FEMALE","FEMALE","FEMALE","FEMALE","MALE","FEMALE","FEMALE","MALE","MALE","FEMALE","MALE","FEMALE","MALE","MALE","FEMALE","MALE","MALE","FEMALE","MALE","FEMALE"],"X_CALENDAR_YEAR":["2008","2008","2008","2008","2008","2008","2008","2008","2008","2009","2009","2009","2009","2009","2009","2009","2009","2009","2010","2010","2010","2010","2010","2010","2010","2010","2010"],"Y_PREVALENCE_1000PP":[0.322,0.55036,0.20934,0.3712,0.44228,0.22581,0.28632,0.30469,0.20883,0.53333,0.30993,0.31384,0.21782,0.36709,0.25597,0.52219,0.2688,0.33744,0.08993,0.0972,0.21747,0.19102,0.10323,0.42445,0.18947,0.31666,0.58521]},"PREVALENCE_BY_MONTH":{"X_CALENDAR_MONTH":["200801","200901","201001"],"Y_PREVALENCE_1000PP":[0.00895,0.00921,0.03735]},"CONDITIONS_BY_TYPE":{"CONCEPT_NAME":[],"COUNT_VALUE":[]},"AGE_AT_FIRST_DIAGNOSIS":{"CATEGORY":["FEMALE","MALE"],"MIN_VALUE":[42,41],"P10_VALUE":[66,59],"P25_VALUE":[68,68],"MEDIAN_VALUE":[73,74],"P75_VALUE":[82,79],"P90_VALUE":[87,84],"MAX_VALUE":[96,99]}}
