{"PREVALENCE_BY_GENDER_AGE_YEAR":{"TRELLIS_NAME":["50-59","50-59","40-49","30-39","60-69","60-69","80-89","70-79","80-89","70-79","70-79","60-69","60-69","80-89","80-89","70-79","100-109","80-89","70-79"],"SERIES_NAME":["MALE","FEMALE","MALE","MALE","MALE","FEMALE","FEMALE","FEMALE","MALE","MALE","FEMALE","MALE","FEMALE","FEMALE","FEMALE","FEMALE","FEMALE","MALE","MALE"],"X_CALENDAR_YEAR":["2008","2008","2008","2008","2008","2008","2008","2008","2008","2009","2009","2009","2009","2009","2010","2010","2010","2010","2010"],"Y_PREVALENCE_1000PP":[0.27518,0.30469,0.44228,0.86957,0.13956,0.1288,0.13922,0.0464,0.33872,0.22496,0.22943,0.25597,0.15497,0.1344,0.06502,0.08993,1.2837,0.0972,0.05437]},"PREVALENCE_BY_MONTH":{"X_CALENDAR_MONTH":["200801","200901"],"Y_PREVALENCE_1000PP":[0.00895,0.00921]},"CONDITIONS_BY_TYPE":{"CONCEPT_NAME":[],"COUNT_VALUE":[]},"AGE_AT_FIRST_DIAGNOSIS":{"CATEGORY":["FEMALE","MALE"],"MIN_VALUE":[53,30],"P10_VALUE":[64,47],"P25_VALUE":[68,64],"MEDIAN_VALUE":[74,71],"P75_VALUE":[84,78],"P90_VALUE":[86,83],"MAX_VALUE":[100,87]}}
