{"PREVALENCE_BY_GENDER_AGE_YEAR":{"TRELLIS_NAME":["60-69","70-79","80-89","40-49","50-59","70-79","80-89","50-59","80-89","60-69","60-69"],"SERIES_NAME":["FEMALE","FEMALE","FEMALE","FEMALE","FEMALE","FEMALE","MALE","FEMALE","MALE","FEMALE","MALE"],"X_CALENDAR_YEAR":["2008","2008","2008","2008","2009","2009","2009","2010","2010","2010","2010"],"Y_PREVALENCE_1000PP":[0.0644,0.0464,0.06961,0.49727,0.31939,0.04589,0.10461,0.33887,0.0972,0.09473,0.10323]},"PREVALENCE_BY_MONTH":{"X_CALENDAR_MONTH":["200801","201001"],"Y_PREVALENCE_1000PP":[0.00895,0.00934]},"CONDITIONS_BY_TYPE":{"CONCEPT_NAME":[],"COUNT_VALUE":[]},"AGE_AT_FIRST_DIAGNOSIS":{"CATEGORY":["FEMALE","MALE"],"MIN_VALUE":[48,68],"P10_VALUE":[48,68],"P25_VALUE":[52,68],"MEDIAN_VALUE":[64,80],"P75_VALUE":[70,82],"P90_VALUE":[88,82],"MAX_VALUE":[88,82]}}
