{"PREVALENCE_BY_GENDER_AGE_YEAR":{"TRELLIS_NAME":["50-59","20-29","50-59","40-49","70-79","80-89","70-79","80-89","60-69","60-69","90-99","90-99","60-69","40-49","70-79","90-99","30-39","80-89","70-79","80-89","60-69","60-69","90-99","70-79","80-89","70-79","80-89","100-109","50-59","50-59","30-39"],"SERIES_NAME":["MALE","FEMALE","FEMALE","FEMALE","FEMALE","FEMALE","MALE","MALE","MALE","FEMALE","FEMALE","FEMALE","FEMALE","MALE","FEMALE","MALE","FEMALE","FEMALE","MALE","MALE","MALE","FEMALE","FEMALE","FEMALE","FEMALE","MALE","MALE","MALE","MALE","FEMALE","MALE"],"X_CALENDAR_YEAR":["2008","2008","2008","2008","2008","2008","2008","2008","2008","2008","2008","2009","2009","2009","2009","2009","2009","2009","2009","2009","2010","2010","2010","2010","2010","2010","2010","2010","2010","2010","2010"],"Y_PREVALENCE_1000PP":[0.27518,3.003,0.91408,0.99453,0.232,0.34804,0.11453,0.11291,0.20934,0.322,0.75263,0.21782,0.30993,0.49188,0.13766,0.52219,1.12233,0.1344,0.16872,0.10461,0.10323,0.18947,0.19102,0.13489,0.26009,0.10874,0.0972,3.83142,0.31666,0.67774,1.04493]},"PREVALENCE_BY_MONTH":{"X_CALENDAR_MONTH":"201001","Y_PREVALENCE_1000PP":0.02801},"CONDITIONS_BY_TYPE":{"CONCEPT_NAME":[],"COUNT_VALUE":[]},"AGE_AT_FIRST_DIAGNOSIS":{"CATEGORY":["FEMALE","MALE"],"MIN_VALUE":[28,36],"P10_VALUE":[52,46],"P25_VALUE":[66,65],"MEDIAN_VALUE":[74,72],"P75_VALUE":[83,75],"P90_VALUE":[91,85],"MAX_VALUE":[98,100]}}
