{"PREVALENCE_BY_GENDER_AGE_YEAR":{"TRELLIS_NAME":["60-69","60-69","80-89","70-79","80-89","50-59","40-49","40-49","50-59","70-79","70-79","80-89","60-69","60-69","70-79","90-99","60-69","80-89","70-79","80-89"],"SERIES_NAME":["MALE","FEMALE","FEMALE","FEMALE","MALE","FEMALE","FEMALE","MALE","MALE","MALE","FEMALE","FEMALE","FEMALE","MALE","MALE","FEMALE","FEMALE","MALE","FEMALE","FEMALE"],"X_CALENDAR_YEAR":["2008","2008","2008","2008","2008","2008","2008","2009","2009","2009","2009","2009","2009","2009","2010","2010","2010","2010","2010","2010"],"Y_PREVALENCE_1000PP":[0.06978,0.1288,0.06961,0.2784,0.45162,0.60938,0.99453,0.49188,0.59844,0.16872,0.13766,0.4032,0.23245,0.3413,0.10874,0.19102,0.09473,0.0972,0.08993,0.26009]},"PREVALENCE_BY_MONTH":{"X_CALENDAR_MONTH":["200901","201001"],"Y_PREVALENCE_1000PP":[0.01842,0.01867]},"CONDITIONS_BY_TYPE":{"CONCEPT_NAME":[],"COUNT_VALUE":[]},"AGE_AT_FIRST_DIAGNOSIS":{"CATEGORY":["FEMALE","MALE"],"MIN_VALUE":[42,47],"P10_VALUE":[56,58],"P25_VALUE":[68,65],"MEDIAN_VALUE":[77,70],"P75_VALUE":[83,80],"P90_VALUE":[87,84],"MAX_VALUE":[96,86]}}
