{"PREVALENCE_BY_GENDER_AGE_YEAR":{"TRELLIS_NAME":["40-49","70-79","30-39","30-39","80-89","60-69","70-79","80-89","70-79","80-89","40-49","90-99","60-69","70-79","90-99","50-59","80-89","60-69","40-49","50-59","50-59","30-39","90-99","60-69","60-69","80-89","70-79","80-89","70-79"],"SERIES_NAME":["MALE","FEMALE","MALE","FEMALE","FEMALE","MALE","MALE","MALE","FEMALE","FEMALE","MALE","FEMALE","FEMALE","MALE","MALE","FEMALE","MALE","MALE","FEMALE","MALE","FEMALE","FEMALE","FEMALE","FEMALE","MALE","MALE","MALE","FEMALE","FEMALE"],"X_CALENDAR_YEAR":["2008","2008","2008","2008","2008","2008","2008","2008","2009","2009","2009","2009","2009","2009","2009","2009","2009","2009","2009","2010","2010","2010","2010","2010","2010","2010","2010","2010","2010"],"Y_PREVALENCE_1000PP":[0.88456,0.2784,0.86957,1.03199,0.41765,0.27912,0.51538,0.22581,0.27532,0.2688,0.49188,0.43563,0.38742,0.5624,0.52219,0.31939,0.73229,0.42662,0.53333,0.31666,0.33887,1.19048,0.19102,0.18947,0.10323,0.3888,0.27184,0.32512,0.22482]},"PREVALENCE_BY_MONTH":{"X_CALENDAR_MONTH":["200901","201001"],"Y_PREVALENCE_1000PP":[0.02764,0.02801]},"CONDITIONS_BY_TYPE":{"CONCEPT_NAME":[],"COUNT_VALUE":[]},"AGE_AT_FIRST_DIAGNOSIS":{"CATEGORY":["FEMALE","MALE"],"MIN_VALUE":[34,38],"P10_VALUE":[51,66],"P25_VALUE":[68,69],"MEDIAN_VALUE":[76,75],"P75_VALUE":[84,80],"P90_VALUE":[89,85],"MAX_VALUE":[93,99]}}
