{"PREVALENCE_BY_GENDER_AGE_YEAR":{"TRELLIS_NAME":["90-99","70-79","80-89","70-79"],"SERIES_NAME":["FEMALE","MALE","FEMALE","FEMALE"],"X_CALENDAR_YEAR":["2009","2009","2010","2010"],"Y_PREVALENCE_1000PP":[0.21782,0.05624,0.06502,0.04496]},"PREVALENCE_BY_MONTH":{"X_CALENDAR_MONTH":"200901","Y_PREVALENCE_1000PP":0.00921},"CONDITIONS_BY_TYPE":{"CONCEPT_NAME":[],"COUNT_VALUE":[]},"AGE_AT_FIRST_DIAGNOSIS":{"CATEGORY":["FEMALE","MALE"],"MIN_VALUE":[77,71],"P10_VALUE":[77,71],"P25_VALUE":[77,71],"MEDIAN_VALUE":[80,71],"P75_VALUE":[99,71],"P90_VALUE":[99,71],"MAX_VALUE":[99,71]}}
