{"PREVALENCE_BY_GENDER_AGE_YEAR":{"TRELLIS_NAME":["60-69","90-99","60-69","50-59","70-79","80-89","70-79","80-89","40-49","50-59","80-89","70-79","80-89","70-79","90-99","60-69","60-69","70-79","50-59","80-89","70-79","60-69","40-49"],"SERIES_NAME":["MALE","MALE","FEMALE","FEMALE","FEMALE","FEMALE","MALE","MALE","MALE","FEMALE","MALE","MALE","FEMALE","FEMALE","FEMALE","FEMALE","MALE","FEMALE","FEMALE","FEMALE","MALE","MALE","FEMALE"],"X_CALENDAR_YEAR":["2008","2008","2008","2008","2008","2008","2008","2008","2009","2009","2009","2009","2009","2009","2009","2009","2009","2010","2010","2010","2010","2010","2010"],"Y_PREVALENCE_1000PP":[0.13956,0.64851,0.2576,0.30469,0.1856,0.06961,0.17179,0.11291,0.49188,0.31939,0.20923,0.11248,0.0672,0.13766,0.21782,0.30993,0.08532,0.22482,0.33887,0.19507,0.16311,0.20646,0.58241]},"PREVALENCE_BY_MONTH":{"X_CALENDAR_MONTH":["200801","200901","201001"],"Y_PREVALENCE_1000PP":[0.00895,0.01842,0.01867]},"CONDITIONS_BY_TYPE":{"CONCEPT_NAME":[],"COUNT_VALUE":[]},"AGE_AT_FIRST_DIAGNOSIS":{"CATEGORY":["FEMALE","MALE"],"MIN_VALUE":[40,46],"P10_VALUE":[55,65],"P25_VALUE":[66,68],"MEDIAN_VALUE":[71,74],"P75_VALUE":[78,79],"P90_VALUE":[83,88],"MAX_VALUE":[97,98]}}
