{"PREVALENCE_BY_GENDER_AGE_YEAR":{"TRELLIS_NAME":["80-89","70-79","80-89","70-79","60-69","60-69","40-49","50-59","50-59","100-109","50-59","20-29","40-49","30-39","60-69","70-79","60-69","80-89","70-79","80-89","90-99","90-99","70-79","100-109"],"SERIES_NAME":["MALE","MALE","FEMALE","FEMALE","MALE","FEMALE","FEMALE","MALE","FEMALE","FEMALE","MALE","MALE","FEMALE","FEMALE","FEMALE","FEMALE","MALE","MALE","MALE","FEMALE","MALE","FEMALE","FEMALE","FEMALE"],"X_CALENDAR_YEAR":["2008","2008","2008","2008","2008","2008","2008","2008","2009","2009","2009","2009","2009","2009","2009","2009","2009","2009","2009","2009","2010","2010","2010","2010"],"Y_PREVALENCE_1000PP":[0.11291,0.05726,0.27844,0.0464,0.06978,0.1288,0.99453,0.27518,0.31939,2.53807,0.29922,6.15385,0.53333,1.12233,0.23245,0.22943,0.08532,0.20923,0.05624,0.2688,0.42445,0.19102,0.17986,1.2837]},"PREVALENCE_BY_MONTH":{"X_CALENDAR_MONTH":["200901","201001"],"Y_PREVALENCE_1000PP":[0.02764,0.00934]},"CONDITIONS_BY_TYPE":{"CONCEPT_NAME":[],"COUNT_VALUE":[]},"AGE_AT_FIRST_DIAGNOSIS":{"CATEGORY":["FEMALE","MALE"],"MIN_VALUE":[38,27],"P10_VALUE":[49,28],"P25_VALUE":[66,56],"MEDIAN_VALUE":[73,69],"P75_VALUE":[83,86],"P90_VALUE":[89,88],"MAX_VALUE":[100,95]}}
