{"PREVALENCE_BY_GENDER_AGE_YEAR":{"TRELLIS_NAME":["80-89","60-69","100-109","70-79"],"SERIES_NAME":["MALE","MALE","FEMALE","FEMALE"],"X_CALENDAR_YEAR":["2008","2009","2010","2010"],"Y_PREVALENCE_1000PP":[0.11291,0.08532,1.2837,0.04496]},"PREVALENCE_BY_MONTH":{"X_CALENDAR_MONTH":[],"Y_PREVALENCE_1000PP":[]},"CONDITIONS_BY_TYPE":{"CONCEPT_NAME":[],"COUNT_VALUE":[]},"AGE_AT_FIRST_DIAGNOSIS":{"CATEGORY":["FEMALE","MALE"],"MIN_VALUE":[77,68],"P10_VALUE":[77,68],"P25_VALUE":[77,68],"MEDIAN_VALUE":[77,68],"P75_VALUE":[101,83],"P90_VALUE":[101,83],"MAX_VALUE":[101,83]}}
