{"PREVALENCE_BY_GENDER_AGE_YEAR":{"TRELLIS_NAME":["70-79","70-79","80-89","60-69","60-69","90-99","60-69","80-89","70-79","80-89","80-89"],"SERIES_NAME":["FEMALE","MALE","MALE","MALE","FEMALE","FEMALE","MALE","MALE","MALE","FEMALE","FEMALE"],"X_CALENDAR_YEAR":["2008","2008","2008","2008","2008","2008","2009","2009","2009","2009","2010"],"Y_PREVALENCE_1000PP":[0.0464,0.05726,0.11291,0.06978,0.0644,0.25088,0.25597,0.10461,0.11248,0.0672,0.06502]},"PREVALENCE_BY_MONTH":{"X_CALENDAR_MONTH":"200901","Y_PREVALENCE_1000PP":0.00921},"CONDITIONS_BY_TYPE":{"CONCEPT_NAME":[],"COUNT_VALUE":[]},"AGE_AT_FIRST_DIAGNOSIS":{"CATEGORY":["FEMALE","MALE"],"MIN_VALUE":[68,66],"P10_VALUE":[68,66],"P25_VALUE":[70,68],"MEDIAN_VALUE":[82,70],"P75_VALUE":[86,78],"P90_VALUE":[91,83],"MAX_VALUE":[91,83]}}
