{"PREVALENCE_BY_GENDER_AGE_YEAR":{"TRELLIS_NAME":["30-39","20-29","70-79","80-89","70-79","80-89","60-69","60-69","90-99","40-49","30-39","70-79","80-89","40-49","70-79","80-89","60-69","60-69","90-99","60-69","90-99","50-59","100-109","60-69","90-99","50-59","70-79","80-89","80-89","70-79"],"SERIES_NAME":["FEMALE","FEMALE","FEMALE","FEMALE","MALE","MALE","MALE","FEMALE","FEMALE","MALE","MALE","FEMALE","FEMALE","FEMALE","MALE","MALE","MALE","FEMALE","FEMALE","MALE","MALE","FEMALE","FEMALE","FEMALE","FEMALE","MALE","FEMALE","FEMALE","MALE","MALE"],"X_CALENDAR_YEAR":["2008","2008","2008","2008","2008","2008","2008","2008","2008","2009","2009","2009","2009","2009","2009","2009","2009","2009","2009","2010","2010","2010","2010","2010","2010","2010","2010","2010","2010","2010"],"Y_PREVALENCE_1000PP":[1.03199,3.003,0.3712,0.34804,0.22906,0.22581,0.13956,0.2576,0.25088,0.49188,0.97943,0.04589,0.1344,0.53333,0.11248,0.52307,0.17065,0.23245,0.43563,0.30969,0.42445,0.33887,1.2837,0.09473,0.38204,0.31666,0.22482,0.32512,0.1944,0.21747]},"PREVALENCE_BY_MONTH":{"X_CALENDAR_MONTH":["200801","200901","201001"],"Y_PREVALENCE_1000PP":[0.00895,0.02764,0.01867]},"CONDITIONS_BY_TYPE":{"CONCEPT_NAME":[],"COUNT_VALUE":[]},"AGE_AT_FIRST_DIAGNOSIS":{"CATEGORY":["FEMALE","MALE"],"MIN_VALUE":[25,39],"P10_VALUE":[60,59],"P25_VALUE":[68,67],"MEDIAN_VALUE":[78,75],"P75_VALUE":[83,82],"P90_VALUE":[90,85],"MAX_VALUE":[100,95]}}
