{"PREVALENCE_BY_GENDER_AGE_YEAR":{"TRELLIS_NAME":["40-49","60-69","60-69","30-39","70-79","80-89","70-79","50-59","80-89","30-39","50-59","100-109","60-69","90-99","70-79","80-89","70-79","80-89","70-79","80-89","50-59","80-89","60-69","50-59"],"SERIES_NAME":["FEMALE","FEMALE","MALE","MALE","MALE","MALE","FEMALE","FEMALE","FEMALE","MALE","FEMALE","FEMALE","FEMALE","FEMALE","MALE","MALE","FEMALE","FEMALE","FEMALE","MALE","FEMALE","FEMALE","FEMALE","MALE"],"X_CALENDAR_YEAR":["2008","2008","2008","2008","2008","2008","2008","2008","2008","2009","2009","2009","2009","2009","2009","2009","2009","2009","2010","2010","2010","2010","2010","2010"],"Y_PREVALENCE_1000PP":[0.49727,0.0644,0.06978,0.86957,0.05726,0.11291,0.0464,0.30469,0.27844,0.97943,0.31939,2.53807,0.15497,0.43563,0.16872,0.10461,0.09177,0.2016,0.04496,0.2916,0.67774,0.13005,0.09473,0.31666]},"PREVALENCE_BY_MONTH":{"X_CALENDAR_MONTH":["200801","200901","201001"],"Y_PREVALENCE_1000PP":[0.01791,0.00921,0.00934]},"CONDITIONS_BY_TYPE":{"CONCEPT_NAME":[],"COUNT_VALUE":[]},"AGE_AT_FIRST_DIAGNOSIS":{"CATEGORY":["FEMALE","MALE"],"MIN_VALUE":[45,33],"P10_VALUE":[57,34],"P25_VALUE":[67,62],"MEDIAN_VALUE":[77,72],"P75_VALUE":[86,82],"P90_VALUE":[90,86],"MAX_VALUE":[100,89]}}
