{"PREVALENCE_BY_GENDER_AGE_YEAR":{"TRELLIS_NAME":["50-59","20-29","50-59","70-79","80-89","70-79","80-89","60-69","90-99","60-69","90-99","30-39","80-89","60-69","70-79","50-59","40-49","60-69","90-99","70-79","50-59","80-89","80-89","70-79","60-69","90-99","40-49","60-69","70-79","90-99"],"SERIES_NAME":["MALE","FEMALE","FEMALE","FEMALE","FEMALE","MALE","MALE","MALE","MALE","FEMALE","FEMALE","FEMALE","FEMALE","MALE","FEMALE","FEMALE","FEMALE","FEMALE","FEMALE","MALE","MALE","MALE","FEMALE","MALE","MALE","MALE","MALE","FEMALE","FEMALE","FEMALE"],"X_CALENDAR_YEAR":["2008","2008","2008","2008","2008","2008","2008","2008","2008","2008","2008","2008","2009","2009","2009","2009","2009","2009","2009","2009","2009","2009","2010","2010","2010","2010","2010","2010","2010","2010"],"Y_PREVALENCE_1000PP":[0.27518,3.003,0.60938,0.232,0.48726,0.34358,0.45162,0.27912,0.64851,0.1932,0.50176,1.03199,0.2688,0.3413,0.27532,0.63877,0.53333,0.07748,0.21782,0.44992,0.59844,0.62768,0.45517,0.27184,0.10323,0.42445,0.53648,0.18947,0.17986,0.76409]},"PREVALENCE_BY_MONTH":{"X_CALENDAR_MONTH":["200801","200901","201001"],"Y_PREVALENCE_1000PP":[0.00895,0.03685,0.02801]},"CONDITIONS_BY_TYPE":{"CONCEPT_NAME":[],"COUNT_VALUE":[]},"AGE_AT_FIRST_DIAGNOSIS":{"CATEGORY":["FEMALE","MALE"],"MIN_VALUE":[29,42],"P10_VALUE":[58,60],"P25_VALUE":[69,67],"MEDIAN_VALUE":[78,74],"P75_VALUE":[85,80],"P90_VALUE":[90,88],"MAX_VALUE":[99,96]}}
