{"PREVALENCE_BY_GENDER_AGE_YEAR":{"TRELLIS_NAME":["80-89","60-69","70-79","60-69","70-79","90-99","20-29","80-89","40-49","60-69","50-59","70-79","50-59","80-89","70-79","80-89","50-59","100-109","60-69","90-99","60-69","80-89","70-79","80-89","70-79"],"SERIES_NAME":["MALE","MALE","FEMALE","FEMALE","MALE","FEMALE","FEMALE","FEMALE","FEMALE","FEMALE","MALE","MALE","FEMALE","MALE","FEMALE","FEMALE","FEMALE","MALE","MALE","FEMALE","FEMALE","FEMALE","FEMALE","MALE","MALE"],"X_CALENDAR_YEAR":["2008","2008","2008","2008","2008","2008","2008","2008","2009","2009","2009","2009","2009","2009","2009","2009","2010","2010","2010","2010","2010","2010","2010","2010","2010"],"Y_PREVALENCE_1000PP":[0.22581,0.20934,0.232,0.0644,0.22906,0.50176,3.003,0.55687,0.53333,0.38742,0.29922,0.05624,0.95816,0.10461,0.3212,0.2688,0.67774,3.83142,0.30969,0.38204,0.18947,0.13005,0.04496,0.1944,0.21747]},"PREVALENCE_BY_MONTH":{"X_CALENDAR_MONTH":["200801","200901","201001"],"Y_PREVALENCE_1000PP":[0.01791,0.04606,0.03735]},"CONDITIONS_BY_TYPE":{"CONCEPT_NAME":[],"COUNT_VALUE":[]},"AGE_AT_FIRST_DIAGNOSIS":{"CATEGORY":["FEMALE","MALE"],"MIN_VALUE":[27,52],"P10_VALUE":[57,67],"P25_VALUE":[67,69],"MEDIAN_VALUE":[75,74],"P75_VALUE":[84,82],"P90_VALUE":[89,87],"MAX_VALUE":[96,101]}}
