{"PREVALENCE_BY_GENDER_AGE_YEAR":{"TRELLIS_NAME":["70-79","80-89","70-79","60-69","90-99","40-49","60-69","80-89","90-99","80-89","70-79","40-49","50-59","70-79","80-89","70-79","60-69","60-69"],"SERIES_NAME":["MALE","MALE","FEMALE","MALE","MALE","MALE","MALE","MALE","FEMALE","FEMALE","FEMALE","FEMALE","FEMALE","FEMALE","MALE","MALE","MALE","FEMALE"],"X_CALENDAR_YEAR":["2008","2008","2008","2008","2008","2009","2009","2009","2009","2009","2009","2010","2010","2010","2010","2010","2010","2010"],"Y_PREVALENCE_1000PP":[0.05726,0.11291,0.0928,0.13956,0.64851,0.49188,0.08532,0.10461,0.21782,0.0672,0.04589,0.58241,0.33887,0.04496,0.1944,0.05437,0.10323,0.09473]},"PREVALENCE_BY_MONTH":{"X_CALENDAR_MONTH":["200801","200901","201001"],"Y_PREVALENCE_1000PP":[0.00895,0.00921,0.00934]},"CONDITIONS_BY_TYPE":{"CONCEPT_NAME":[],"COUNT_VALUE":[]},"AGE_AT_FIRST_DIAGNOSIS":{"CATEGORY":["FEMALE","MALE"],"MIN_VALUE":[47,40],"P10_VALUE":[47,61],"P25_VALUE":[68,67],"MEDIAN_VALUE":[77,73],"P75_VALUE":[78,80],"P90_VALUE":[94,86],"MAX_VALUE":[94,90]}}
