{"PREVALENCE_BY_GENDER_AGE_YEAR":{"TRELLIS_NAME":["50-59","50-59","40-49","40-49","60-69","70-79","80-89","70-79","80-89","50-59","30-39","80-89","60-69","90-99","60-69","70-79","80-89","80-89","50-59","70-79","80-89","60-69","60-69","50-59"],"SERIES_NAME":["MALE","FEMALE","FEMALE","MALE","MALE","FEMALE","FEMALE","MALE","MALE","FEMALE","MALE","MALE","MALE","MALE","FEMALE","MALE","FEMALE","FEMALE","FEMALE","MALE","MALE","MALE","FEMALE","MALE"],"X_CALENDAR_YEAR":["2008","2008","2008","2008","2008","2008","2008","2008","2008","2009","2009","2009","2009","2009","2009","2009","2009","2010","2010","2010","2010","2010","2010","2010"],"Y_PREVALENCE_1000PP":[0.55036,0.30469,0.49727,0.44228,0.13956,0.0464,0.06961,0.11453,0.11291,0.31939,0.97943,0.62768,0.17065,0.52219,0.23245,0.05624,0.2688,0.06502,0.33887,0.16311,0.0972,0.10323,0.09473,0.31666]},"PREVALENCE_BY_MONTH":{"X_CALENDAR_MONTH":["200801","200901"],"Y_PREVALENCE_1000PP":[0.00895,0.00921]},"CONDITIONS_BY_TYPE":{"CONCEPT_NAME":[],"COUNT_VALUE":[]},"AGE_AT_FIRST_DIAGNOSIS":{"CATEGORY":["FEMALE","MALE"],"MIN_VALUE":[43,38],"P10_VALUE":[51,51],"P25_VALUE":[58,67],"MEDIAN_VALUE":[69,73],"P75_VALUE":[83,83],"P90_VALUE":[85,86],"MAX_VALUE":[86,91]}}
