{"PREVALENCE_BY_GENDER_AGE_YEAR":{"TRELLIS_NAME":["90-99","90-99","70-79","70-79","40-49","50-59","60-69","90-99","50-59","70-79","80-89","70-79"],"SERIES_NAME":["MALE","FEMALE","FEMALE","MALE","MALE","MALE","MALE","FEMALE","MALE","MALE","MALE","FEMALE"],"X_CALENDAR_YEAR":["2008","2008","2008","2008","2008","2008","2009","2009","2009","2009","2009","2009"],"Y_PREVALENCE_1000PP":[0.64851,0.25088,0.0464,0.05726,0.44228,0.27518,0.08532,0.21782,0.29922,0.05624,0.10461,0.04589]},"PREVALENCE_BY_MONTH":{"X_CALENDAR_MONTH":[],"Y_PREVALENCE_1000PP":[]},"CONDITIONS_BY_TYPE":{"CONCEPT_NAME":[],"COUNT_VALUE":[]},"AGE_AT_FIRST_DIAGNOSIS":{"CATEGORY":["FEMALE","MALE"],"MIN_VALUE":[72,43],"P10_VALUE":[72,43],"P25_VALUE":[72,54],"MEDIAN_VALUE":[73,69],"P75_VALUE":[90,73],"P90_VALUE":[97,99],"MAX_VALUE":[97,99]}}
