{"PREVALENCE_BY_GENDER_AGE_YEAR":{"TRELLIS_NAME":["90-99","70-79","40-49","60-69","70-79","80-89","70-79","70-79"],"SERIES_NAME":["FEMALE","FEMALE","MALE","FEMALE","FEMALE","FEMALE","FEMALE","MALE"],"X_CALENDAR_YEAR":["2008","2008","2008","2009","2009","2010","2010","2010"],"Y_PREVALENCE_1000PP":[0.25088,0.0464,0.44228,0.07748,0.13766,0.13005,0.13489,0.05437]},"PREVALENCE_BY_MONTH":{"X_CALENDAR_MONTH":"200901","Y_PREVALENCE_1000PP":0.00921},"CONDITIONS_BY_TYPE":{"CONCEPT_NAME":[],"COUNT_VALUE":[]},"AGE_AT_FIRST_DIAGNOSIS":{"CATEGORY":["FEMALE","MALE"],"MIN_VALUE":[69,48],"P10_VALUE":[70,48],"P25_VALUE":[75,48],"MEDIAN_VALUE":[77,48],"P75_VALUE":[80,71],"P90_VALUE":[89,71],"MAX_VALUE":[95,71]}}
