{"PREVALENCE_BY_GENDER_AGE_YEAR":{"TRELLIS_NAME":["30-39","70-79"],"SERIES_NAME":["MALE","FEMALE"],"X_CALENDAR_YEAR":["2009","2010"],"Y_PREVALENCE_1000PP":[0.97943,0.04496]},"PREVALENCE_BY_MONTH":{"X_CALENDAR_MONTH":[],"Y_PREVALENCE_1000PP":[]},"CONDITIONS_BY_TYPE":{"CONCEPT_NAME":[],"COUNT_VALUE":[]},"AGE_AT_FIRST_DIAGNOSIS":{"CATEGORY":["FEMALE","MALE"],"MIN_VALUE":[79,37],"P10_VALUE":[79,37],"P25_VALUE":[79,37],"MEDIAN_VALUE":[79,37],"P75_VALUE":[79,37],"P90_VALUE":[79,37],"MAX_VALUE":[79,37]}}
