{"PREVALENCE_BY_GENDER_AGE_YEAR":{"TRELLIS_NAME":["60-69","50-59","60-69","40-49","70-79","80-89","70-79","80-89","70-79","70-79","80-89","50-59","60-69","40-49","60-69","40-49","30-39","70-79","80-89","70-79","60-69","50-59"],"SERIES_NAME":["MALE","MALE","FEMALE","MALE","FEMALE","MALE","MALE","FEMALE","FEMALE","MALE","MALE","FEMALE","MALE","MALE","FEMALE","FEMALE","MALE","MALE","FEMALE","FEMALE","FEMALE","FEMALE"],"X_CALENDAR_YEAR":["2008","2008","2008","2008","2008","2008","2008","2008","2009","2009","2009","2009","2009","2009","2009","2010","2010","2010","2010","2010","2010","2010"],"Y_PREVALENCE_1000PP":[0.48845,0.27518,0.0644,0.44228,0.1392,0.11291,0.34358,0.20883,0.36709,0.33744,0.10461,0.63877,0.08532,0.49188,0.07748,0.58241,1.04493,0.21747,0.06502,0.13489,0.37893,0.33887]},"PREVALENCE_BY_MONTH":{"X_CALENDAR_MONTH":["200901","201001"],"Y_PREVALENCE_1000PP":[0.02764,0.02801]},"CONDITIONS_BY_TYPE":{"CONCEPT_NAME":[],"COUNT_VALUE":[]},"AGE_AT_FIRST_DIAGNOSIS":{"CATEGORY":["FEMALE","MALE"],"MIN_VALUE":[48,37],"P10_VALUE":[55,47],"P25_VALUE":[66,66],"MEDIAN_VALUE":[72,71],"P75_VALUE":[77,74],"P90_VALUE":[88,78],"MAX_VALUE":[89,86]}}
