{"PREVALENCE_BY_GENDER_AGE_YEAR":{"TRELLIS_NAME":["80-89","90-99","60-69","60-69","90-99","40-49","70-79","50-59","20-29","60-69","60-69","70-79","80-89","70-79"],"SERIES_NAME":["FEMALE","FEMALE","FEMALE","MALE","MALE","FEMALE","MALE","FEMALE","MALE","FEMALE","MALE","MALE","FEMALE","FEMALE"],"X_CALENDAR_YEAR":["2008","2008","2008","2009","2009","2009","2009","2009","2009","2010","2010","2010","2010","2010"],"Y_PREVALENCE_1000PP":[0.13922,0.25088,0.0644,0.08532,0.52219,0.53333,0.11248,0.31939,3.07692,0.2842,0.10323,0.05437,0.13005,0.08993]},"PREVALENCE_BY_MONTH":{"X_CALENDAR_MONTH":"200901","Y_PREVALENCE_1000PP":0.00921},"CONDITIONS_BY_TYPE":{"CONCEPT_NAME":[],"COUNT_VALUE":[]},"AGE_AT_FIRST_DIAGNOSIS":{"CATEGORY":["FEMALE","MALE"],"MIN_VALUE":[49,27],"P10_VALUE":[59,27],"P25_VALUE":[67,68],"MEDIAN_VALUE":[70,71],"P75_VALUE":[81,76],"P90_VALUE":[89,97],"MAX_VALUE":[93,97]}}
