{"PREVALENCE_BY_GENDER_AGE_YEAR":{"TRELLIS_NAME":["50-59","20-29","30-39","50-59","80-89","70-79","80-89","70-79","90-99","60-69","60-69","50-59","50-59","60-69","90-99","80-89","70-79","40-49","80-89","60-69","70-79","90-99","70-79","80-89","70-79","100-109"],"SERIES_NAME":["FEMALE","FEMALE","MALE","MALE","MALE","MALE","FEMALE","FEMALE","FEMALE","FEMALE","MALE","FEMALE","MALE","MALE","MALE","MALE","MALE","MALE","FEMALE","FEMALE","FEMALE","FEMALE","MALE","FEMALE","FEMALE","FEMALE"],"X_CALENDAR_YEAR":["2008","2008","2008","2008","2008","2008","2008","2008","2008","2008","2008","2009","2009","2009","2009","2009","2009","2009","2009","2009","2009","2009","2010","2010","2010","2010"],"Y_PREVALENCE_1000PP":[0.30469,3.003,0.86957,0.27518,0.22581,0.28632,0.27844,0.232,0.25088,0.2576,0.27912,0.31939,0.29922,0.51195,1.04439,0.52307,0.2812,0.49188,0.0672,0.15497,0.18355,0.65345,0.10874,0.13005,0.08993,1.2837]},"PREVALENCE_BY_MONTH":{"X_CALENDAR_MONTH":["200801","200901"],"Y_PREVALENCE_1000PP":[0.01791,0.02764]},"CONDITIONS_BY_TYPE":{"CONCEPT_NAME":[],"COUNT_VALUE":[]},"AGE_AT_FIRST_DIAGNOSIS":{"CATEGORY":["FEMALE","MALE"],"MIN_VALUE":[26,32],"P10_VALUE":[67,56],"P25_VALUE":[69,66],"MEDIAN_VALUE":[74,72],"P75_VALUE":[86,80],"P90_VALUE":[91,85],"MAX_VALUE":[101,93]}}
