{"PREVALENCE_BY_GENDER_AGE_YEAR":{"TRELLIS_NAME":["80-89","70-79","80-89","70-79","60-69","40-49","60-69","80-89","70-79","80-89","70-79","90-99","60-69","40-49","90-99","60-69","90-99","60-69","80-89","70-79","80-89","70-79"],"SERIES_NAME":["FEMALE","FEMALE","MALE","MALE","MALE","MALE","FEMALE","FEMALE","FEMALE","MALE","MALE","FEMALE","FEMALE","MALE","MALE","MALE","FEMALE","FEMALE","FEMALE","FEMALE","MALE","MALE"],"X_CALENDAR_YEAR":["2008","2008","2008","2008","2008","2008","2008","2009","2009","2009","2009","2009","2009","2010","2010","2010","2010","2010","2010","2010","2010","2010"],"Y_PREVALENCE_1000PP":[0.13922,0.0928,0.22581,0.22906,0.13956,0.44228,0.0644,0.336,0.13766,0.20923,0.05624,0.43563,0.15497,0.53648,0.42445,0.20646,0.57307,0.09473,0.06502,0.04496,0.0972,0.05437]},"PREVALENCE_BY_MONTH":{"X_CALENDAR_MONTH":["200801","200901","201001"],"Y_PREVALENCE_1000PP":[0.01791,0.01842,0.00934]},"CONDITIONS_BY_TYPE":{"CONCEPT_NAME":[],"COUNT_VALUE":[]},"AGE_AT_FIRST_DIAGNOSIS":{"CATEGORY":["FEMALE","MALE"],"MIN_VALUE":[66,45],"P10_VALUE":[68,48],"P25_VALUE":[70,67],"MEDIAN_VALUE":[83,73],"P75_VALUE":[88,82],"P90_VALUE":[95,83],"MAX_VALUE":[99,98]}}
