{"PREVALENCE_BY_GENDER_AGE_YEAR":{"TRELLIS_NAME":["40-49","60-69","60-69","90-99","70-79","80-89","70-79","80-89","50-59","60-69","60-69","80-89","70-79","70-79","80-89","80-89","70-79","60-69"],"SERIES_NAME":["MALE","FEMALE","MALE","MALE","MALE","MALE","FEMALE","FEMALE","FEMALE","FEMALE","MALE","FEMALE","MALE","FEMALE","MALE","MALE","FEMALE","FEMALE"],"X_CALENDAR_YEAR":["2008","2008","2008","2008","2008","2008","2008","2008","2009","2009","2009","2009","2009","2009","2009","2010","2010","2010"],"Y_PREVALENCE_1000PP":[0.44228,0.0644,0.13956,0.64851,0.22906,0.11291,0.41759,0.27844,0.31939,0.07748,0.17065,0.1344,0.05624,0.13766,0.20923,0.0972,0.13489,0.09473]},"PREVALENCE_BY_MONTH":{"X_CALENDAR_MONTH":"200901","Y_PREVALENCE_1000PP":0.01842},"CONDITIONS_BY_TYPE":{"CONCEPT_NAME":[],"COUNT_VALUE":[]},"AGE_AT_FIRST_DIAGNOSIS":{"CATEGORY":["FEMALE","MALE"],"MIN_VALUE":[52,48],"P10_VALUE":[68,60],"P25_VALUE":[72,64],"MEDIAN_VALUE":[74,71],"P75_VALUE":[79,85],"P90_VALUE":[87,89],"MAX_VALUE":[89,91]}}
