{"PREVALENCE_BY_GENDER_AGE_YEAR":{"TRELLIS_NAME":["70-79","60-69","50-59","80-89","80-89","40-49","70-79","80-89","80-89","60-69","50-59","70-79","80-89","80-89"],"SERIES_NAME":["MALE","FEMALE","FEMALE","FEMALE","MALE","FEMALE","FEMALE","MALE","FEMALE","FEMALE","MALE","FEMALE","FEMALE","MALE"],"X_CALENDAR_YEAR":["2008","2008","2008","2008","2008","2008","2008","2009","2009","2009","2009","2010","2010","2010"],"Y_PREVALENCE_1000PP":[0.11453,0.0644,0.30469,0.06961,0.11291,0.99453,0.0928,0.10461,0.0672,0.15497,0.29922,0.04496,0.06502,0.0972]},"PREVALENCE_BY_MONTH":{"X_CALENDAR_MONTH":[],"Y_PREVALENCE_1000PP":[]},"CONDITIONS_BY_TYPE":{"CONCEPT_NAME":[],"COUNT_VALUE":[]},"AGE_AT_FIRST_DIAGNOSIS":{"CATEGORY":["FEMALE","MALE"],"MIN_VALUE":[48,56],"P10_VALUE":[49,56],"P25_VALUE":[56,70],"MEDIAN_VALUE":[69,75],"P75_VALUE":[76,86],"P90_VALUE":[81,89],"MAX_VALUE":[87,89]}}
