{"PREVALENCE_BY_GENDER_AGE_YEAR":{"TRELLIS_NAME":["50-59","70-79","80-89","70-79","80-89","60-69","90-99","60-69","70-79","80-89","90-99","80-89","70-79","60-69","50-59","60-69","70-79","40-49","60-69","80-89","80-89"],"SERIES_NAME":["FEMALE","MALE","MALE","FEMALE","FEMALE","FEMALE","FEMALE","MALE","FEMALE","MALE","FEMALE","FEMALE","MALE","MALE","FEMALE","MALE","MALE","FEMALE","FEMALE","FEMALE","MALE"],"X_CALENDAR_YEAR":["2008","2008","2008","2008","2008","2008","2008","2008","2009","2009","2009","2009","2009","2009","2009","2010","2010","2010","2010","2010","2010"],"Y_PREVALENCE_1000PP":[0.30469,0.22906,0.45162,0.2784,0.34804,0.0644,0.25088,0.34889,0.18355,0.41845,0.65345,0.336,0.44992,0.17065,0.31939,0.20646,0.10874,0.58241,0.09473,0.13005,0.3888]},"PREVALENCE_BY_MONTH":{"X_CALENDAR_MONTH":["200801","200901","201001"],"Y_PREVALENCE_1000PP":[0.00895,0.01842,0.00934]},"CONDITIONS_BY_TYPE":{"CONCEPT_NAME":[],"COUNT_VALUE":[]},"AGE_AT_FIRST_DIAGNOSIS":{"CATEGORY":["FEMALE","MALE"],"MIN_VALUE":[41,60],"P10_VALUE":[67,67],"P25_VALUE":[73,69],"MEDIAN_VALUE":[80,75],"P75_VALUE":[85,80],"P90_VALUE":[92,85],"MAX_VALUE":[98,88]}}
