{"PREVALENCE_BY_GENDER_AGE_YEAR":{"TRELLIS_NAME":["60-69","90-99","40-49","60-69","90-99","70-79","80-89","50-59","70-79","80-89","50-59","60-69","60-69","70-79","80-89","70-79","80-89","50-59","40-49","40-49","80-89","70-79","70-79","80-89","50-59","50-59","90-99","90-99"],"SERIES_NAME":["FEMALE","FEMALE","MALE","MALE","MALE","MALE","MALE","MALE","FEMALE","FEMALE","FEMALE","FEMALE","MALE","MALE","MALE","FEMALE","FEMALE","FEMALE","MALE","FEMALE","MALE","MALE","FEMALE","FEMALE","MALE","FEMALE","FEMALE","MALE"],"X_CALENDAR_YEAR":["2008","2008","2008","2008","2008","2008","2008","2008","2008","2008","2008","2009","2009","2009","2009","2009","2009","2009","2009","2009","2010","2010","2010","2010","2010","2010","2010","2010"],"Y_PREVALENCE_1000PP":[0.5152,0.25088,0.44228,0.27912,0.64851,0.17179,0.67743,0.27518,0.46399,0.48726,0.30469,0.4649,0.17065,0.33744,0.31384,0.27532,0.4032,0.31939,0.98377,1.06667,0.2916,0.10874,0.31475,0.26009,0.31666,0.33887,0.76409,0.42445]},"PREVALENCE_BY_MONTH":{"X_CALENDAR_MONTH":["200801","200901","201001"],"Y_PREVALENCE_1000PP":[0.03582,0.02764,0.01867]},"CONDITIONS_BY_TYPE":{"CONCEPT_NAME":[],"COUNT_VALUE":[]},"AGE_AT_FIRST_DIAGNOSIS":{"CATEGORY":["FEMALE","MALE"],"MIN_VALUE":[43,45],"P10_VALUE":[65,52],"P25_VALUE":[68,68],"MEDIAN_VALUE":[76,73],"P75_VALUE":[82,83],"P90_VALUE":[89,88],"MAX_VALUE":[96,91]}}
