{"PREVALENCE_BY_GENDER_AGE_YEAR":{"TRELLIS_NAME":["80-89","70-79","80-89","70-79","60-69","60-69","50-59","60-69","90-99","70-79","80-89","70-79","80-89","60-69","100-109","70-79","80-89"],"SERIES_NAME":["FEMALE","FEMALE","MALE","MALE","MALE","FEMALE","MALE","MALE","MALE","MALE","MALE","FEMALE","FEMALE","MALE","FEMALE","FEMALE","MALE"],"X_CALENDAR_YEAR":["2008","2008","2008","2008","2008","2008","2009","2009","2009","2009","2009","2009","2009","2010","2010","2010","2010"],"Y_PREVALENCE_1000PP":[0.06961,0.0464,0.11291,0.05726,0.06978,0.0644,0.29922,0.17065,0.52219,0.16872,0.20923,0.04589,0.2688,0.20646,1.2837,0.04496,0.0972]},"PREVALENCE_BY_MONTH":{"X_CALENDAR_MONTH":["200801","200901","201001"],"Y_PREVALENCE_1000PP":[0.00895,0.01842,0.00934]},"CONDITIONS_BY_TYPE":{"CONCEPT_NAME":[],"COUNT_VALUE":[]},"AGE_AT_FIRST_DIAGNOSIS":{"CATEGORY":["FEMALE","MALE"],"MIN_VALUE":[63,50],"P10_VALUE":[63,61],"P25_VALUE":[78,68],"MEDIAN_VALUE":[80,75],"P75_VALUE":[86,83],"P90_VALUE":[86,84],"MAX_VALUE":[100,92]}}
