{"PREVALENCE_BY_GENDER_AGE_YEAR":{"TRELLIS_NAME":["70-79","60-69","50-59","50-59","80-89","70-79","60-69","80-89"],"SERIES_NAME":["FEMALE","MALE","FEMALE","FEMALE","MALE","FEMALE","FEMALE","FEMALE"],"X_CALENDAR_YEAR":["2008","2008","2008","2009","2009","2009","2009","2010"],"Y_PREVALENCE_1000PP":[0.0464,0.06978,0.30469,0.31939,0.10461,0.04589,0.07748,0.06502]},"PREVALENCE_BY_MONTH":{"X_CALENDAR_MONTH":"200901","Y_PREVALENCE_1000PP":0.00921},"CONDITIONS_BY_TYPE":{"CONCEPT_NAME":[],"COUNT_VALUE":[]},"AGE_AT_FIRST_DIAGNOSIS":{"CATEGORY":["FEMALE","MALE"],"MIN_VALUE":[50,67],"P10_VALUE":[50,67],"P25_VALUE":[58,67],"MEDIAN_VALUE":[66,67],"P75_VALUE":[75,85],"P90_VALUE":[82,85],"MAX_VALUE":[82,85]}}
