{"PREVALENCE_BY_GENDER_AGE_YEAR":{"TRELLIS_NAME":["30-39","40-49","50-59","20-29","50-59","70-79","80-89","70-79","80-89","60-69","90-99","60-69","90-99","30-39","40-49","70-79","60-69","80-89","90-99","70-79","80-89","60-69","60-69","60-69","70-79","80-89","80-89","50-59"],"SERIES_NAME":["MALE","MALE","FEMALE","MALE","MALE","MALE","MALE","FEMALE","FEMALE","FEMALE","FEMALE","MALE","MALE","FEMALE","FEMALE","MALE","MALE","MALE","FEMALE","FEMALE","FEMALE","FEMALE","FEMALE","MALE","MALE","MALE","FEMALE","FEMALE"],"X_CALENDAR_YEAR":["2008","2008","2008","2008","2008","2008","2008","2008","2008","2008","2008","2008","2008","2009","2009","2009","2009","2009","2009","2009","2009","2009","2010","2010","2010","2010","2010","2010"],"Y_PREVALENCE_1000PP":[0.86957,0.44228,0.30469,2.43309,0.27518,0.28632,0.11291,0.3248,0.34804,0.1932,0.25088,0.20934,0.64851,1.12233,0.53333,0.16872,0.08532,0.10461,0.21782,0.3212,0.2016,0.15497,0.09473,0.30969,0.10874,0.0972,0.32512,0.33887]},"PREVALENCE_BY_MONTH":{"X_CALENDAR_MONTH":["200801","200901","201001"],"Y_PREVALENCE_1000PP":[0.00895,0.02764,0.02801]},"CONDITIONS_BY_TYPE":{"CONCEPT_NAME":[],"COUNT_VALUE":[]},"AGE_AT_FIRST_DIAGNOSIS":{"CATEGORY":["FEMALE","MALE"],"MIN_VALUE":[36,29],"P10_VALUE":[53,47],"P25_VALUE":[69,65],"MEDIAN_VALUE":[76,71],"P75_VALUE":[83,77],"P90_VALUE":[89,89],"MAX_VALUE":[96,93]}}
