{"PREVALENCE_BY_GENDER_AGE_YEAR":{"TRELLIS_NAME":["60-69","70-79","80-89","70-79","80-89","50-59","50-59","40-49","80-89","70-79","80-89","70-79","60-69","40-49","30-39","50-59","80-89","70-79","80-89","60-69","90-99","60-69","90-99"],"SERIES_NAME":["FEMALE","MALE","MALE","FEMALE","FEMALE","FEMALE","MALE","FEMALE","FEMALE","FEMALE","MALE","MALE","FEMALE","MALE","FEMALE","MALE","MALE","FEMALE","FEMALE","FEMALE","FEMALE","MALE","MALE"],"X_CALENDAR_YEAR":["2008","2008","2008","2008","2008","2008","2008","2008","2009","2009","2009","2009","2009","2010","2010","2010","2010","2010","2010","2010","2010","2010","2010"],"Y_PREVALENCE_1000PP":[0.322,0.11453,0.22581,0.1856,0.20883,0.30469,0.27518,0.49727,0.1344,0.27532,0.20923,0.11248,0.23245,0.53648,1.19048,0.31666,0.1944,0.13489,0.13005,0.37893,0.19102,0.10323,0.42445]},"PREVALENCE_BY_MONTH":{"X_CALENDAR_MONTH":["200801","200901","201001"],"Y_PREVALENCE_1000PP":[0.01791,0.00921,0.04669]},"CONDITIONS_BY_TYPE":{"CONCEPT_NAME":[],"COUNT_VALUE":[]},"AGE_AT_FIRST_DIAGNOSIS":{"CATEGORY":["FEMALE","MALE"],"MIN_VALUE":[30,40],"P10_VALUE":[63,52],"P25_VALUE":[67,60],"MEDIAN_VALUE":[73,79],"P75_VALUE":[79,84],"P90_VALUE":[86,89],"MAX_VALUE":[90,90]}}
