{"PREVALENCE_BY_GENDER_AGE_YEAR":{"TRELLIS_NAME":["40-49","80-89","80-89","90-99","80-89","40-49","70-79","70-79"],"SERIES_NAME":["MALE","MALE","FEMALE","MALE","FEMALE","MALE","FEMALE","FEMALE"],"X_CALENDAR_YEAR":["2008","2008","2008","2008","2009","2009","2009","2010"],"Y_PREVALENCE_1000PP":[0.44228,0.11291,0.06961,0.64851,0.0672,0.49188,0.13766,0.08993]},"PREVALENCE_BY_MONTH":{"X_CALENDAR_MONTH":[],"Y_PREVALENCE_1000PP":[]},"CONDITIONS_BY_TYPE":{"CONCEPT_NAME":[],"COUNT_VALUE":[]},"AGE_AT_FIRST_DIAGNOSIS":{"CATEGORY":["FEMALE","MALE"],"MIN_VALUE":[70,43],"P10_VALUE":[70,43],"P25_VALUE":[73,43],"MEDIAN_VALUE":[77,46],"P75_VALUE":[82,82],"P90_VALUE":[88,92],"MAX_VALUE":[88,92]}}
