{"PREVALENCE_BY_GENDER_AGE_YEAR":{"TRELLIS_NAME":["60-69","40-49","60-69","80-89","70-79","80-89","70-79","80-89","70-79","40-49","80-89","50-59","70-79","90-99","60-69"],"SERIES_NAME":["MALE","MALE","FEMALE","FEMALE","FEMALE","FEMALE","FEMALE","MALE","MALE","FEMALE","FEMALE","MALE","MALE","MALE","FEMALE"],"X_CALENDAR_YEAR":["2008","2008","2008","2008","2008","2009","2009","2009","2009","2009","2010","2010","2010","2010","2010"],"Y_PREVALENCE_1000PP":[0.13956,0.44228,0.0644,0.06961,0.0464,0.0672,0.09177,0.10461,0.05624,0.53333,0.06502,0.31666,0.21747,0.42445,0.09473]},"PREVALENCE_BY_MONTH":{"X_CALENDAR_MONTH":"200801","Y_PREVALENCE_1000PP":0.00895},"CONDITIONS_BY_TYPE":{"CONCEPT_NAME":[],"COUNT_VALUE":[]},"AGE_AT_FIRST_DIAGNOSIS":{"CATEGORY":["FEMALE","MALE"],"MIN_VALUE":[44,46],"P10_VALUE":[44,59],"P25_VALUE":[69,63],"MEDIAN_VALUE":[74,74],"P75_VALUE":[82,78],"P90_VALUE":[87,80],"MAX_VALUE":[87,91]}}
