{"PREVALENCE_BY_GENDER_AGE_YEAR":{"TRELLIS_NAME":["60-69","70-79","80-89","50-59","80-89","70-79","60-69","80-89","70-79"],"SERIES_NAME":["FEMALE","MALE","FEMALE","FEMALE","FEMALE","FEMALE","MALE","MALE","FEMALE"],"X_CALENDAR_YEAR":["2008","2008","2008","2008","2009","2009","2009","2010","2010"],"Y_PREVALENCE_1000PP":[0.1288,0.11453,0.06961,0.30469,0.1344,0.04589,0.08532,0.0972,0.04496]},"PREVALENCE_BY_MONTH":{"X_CALENDAR_MONTH":"201001","Y_PREVALENCE_1000PP":0.00934},"CONDITIONS_BY_TYPE":{"CONCEPT_NAME":[],"COUNT_VALUE":[]},"AGE_AT_FIRST_DIAGNOSIS":{"CATEGORY":["FEMALE","MALE"],"MIN_VALUE":[58,65],"P10_VALUE":[58,65],"P25_VALUE":[67,65],"MEDIAN_VALUE":[70,73],"P75_VALUE":[84,73],"P90_VALUE":[87,84],"MAX_VALUE":[87,84]}}
