{"PREVALENCE_BY_GENDER_AGE_YEAR":{"TRELLIS_NAME":["80-89","70-79","60-69","90-99","70-79","50-59","90-99","80-89","70-79","30-39"],"SERIES_NAME":["MALE","MALE","MALE","FEMALE","FEMALE","FEMALE","MALE","MALE","MALE","MALE"],"X_CALENDAR_YEAR":["2008","2008","2008","2009","2009","2009","2009","2010","2010","2010"],"Y_PREVALENCE_1000PP":[0.11291,0.05726,0.13956,0.21782,0.04589,0.31939,0.52219,0.0972,0.05437,1.04493]},"PREVALENCE_BY_MONTH":{"X_CALENDAR_MONTH":"200801","Y_PREVALENCE_1000PP":0.00895},"CONDITIONS_BY_TYPE":{"CONCEPT_NAME":[],"COUNT_VALUE":[]},"AGE_AT_FIRST_DIAGNOSIS":{"CATEGORY":["FEMALE","MALE"],"MIN_VALUE":[50,38],"P10_VALUE":[50,38],"P25_VALUE":[50,68],"MEDIAN_VALUE":[73,76],"P75_VALUE":[91,82],"P90_VALUE":[91,95],"MAX_VALUE":[91,95]}}
