{"PREVALENCE_BY_GENDER_AGE_YEAR":{"TRELLIS_NAME":["50-59","80-89","80-89","70-79","40-49","60-69","60-69","90-99","60-69","60-69","40-49","70-79","80-89","70-79","40-49","80-89","60-69","60-69","80-89","70-79"],"SERIES_NAME":["FEMALE","MALE","FEMALE","FEMALE","FEMALE","MALE","FEMALE","FEMALE","FEMALE","MALE","MALE","MALE","FEMALE","FEMALE","FEMALE","MALE","MALE","FEMALE","FEMALE","MALE"],"X_CALENDAR_YEAR":["2008","2008","2008","2008","2008","2008","2008","2009","2009","2009","2009","2009","2009","2009","2009","2010","2010","2010","2010","2010"],"Y_PREVALENCE_1000PP":[0.30469,0.22581,0.13922,0.1856,0.49727,0.06978,0.1932,0.65345,0.15497,0.08532,0.49188,0.16872,0.0672,0.13766,0.53333,0.0972,0.10323,0.18947,0.06502,0.21747]},"PREVALENCE_BY_MONTH":{"X_CALENDAR_MONTH":["200901","201001"],"Y_PREVALENCE_1000PP":[0.00921,0.01867]},"CONDITIONS_BY_TYPE":{"CONCEPT_NAME":[],"COUNT_VALUE":[]},"AGE_AT_FIRST_DIAGNOSIS":{"CATEGORY":["FEMALE","MALE"],"MIN_VALUE":[42,40],"P10_VALUE":[59,65],"P25_VALUE":[67,69],"MEDIAN_VALUE":[73,73],"P75_VALUE":[85,79],"P90_VALUE":[90,84],"MAX_VALUE":[95,84]}}
