{"PREVALENCE_BY_GENDER_AGE_YEAR":{"TRELLIS_NAME":["90-99","60-69","80-89","30-39","80-89","30-39","80-89","60-69"],"SERIES_NAME":["FEMALE","FEMALE","FEMALE","FEMALE","FEMALE","MALE","FEMALE","MALE"],"X_CALENDAR_YEAR":["2008","2008","2008","2008","2009","2010","2010","2010"],"Y_PREVALENCE_1000PP":[0.25088,0.0644,0.06961,1.03199,0.2016,1.04493,0.06502,0.10323]},"PREVALENCE_BY_MONTH":{"X_CALENDAR_MONTH":"201001","Y_PREVALENCE_1000PP":0.00934},"CONDITIONS_BY_TYPE":{"CONCEPT_NAME":[],"COUNT_VALUE":[]},"AGE_AT_FIRST_DIAGNOSIS":{"CATEGORY":["FEMALE","MALE"],"MIN_VALUE":[32,35],"P10_VALUE":[32,35],"P25_VALUE":[69,35],"MEDIAN_VALUE":[83,35],"P75_VALUE":[85,60],"P90_VALUE":[98,60],"MAX_VALUE":[98,60]}}
