{"PREVALENCE_BY_GENDER_AGE_YEAR":{"TRELLIS_NAME":["70-79","70-79","70-79","80-89"],"SERIES_NAME":["MALE","FEMALE","MALE","MALE"],"X_CALENDAR_YEAR":["2008","2008","2009","2009"],"Y_PREVALENCE_1000PP":[0.05726,0.0464,0.05624,0.10461]},"PREVALENCE_BY_MONTH":{"X_CALENDAR_MONTH":[],"Y_PREVALENCE_1000PP":[]},"CONDITIONS_BY_TYPE":{"CONCEPT_NAME":[],"COUNT_VALUE":[]},"AGE_AT_FIRST_DIAGNOSIS":{"CATEGORY":["FEMALE","MALE"],"MIN_VALUE":[71,73],"P10_VALUE":[71,73],"P25_VALUE":[71,73],"MEDIAN_VALUE":[71,79],"P75_VALUE":[71,88],"P90_VALUE":[71,88],"MAX_VALUE":[71,88]}}
