{"PREVALENCE_BY_GENDER_AGE_YEAR":{"TRELLIS_NAME":["70-79","80-89","30-39","70-79","90-99","60-69","60-69","80-89","70-79","80-89","70-79","80-89","60-69","60-69","90-99","30-39","40-49","40-49","50-59","50-59","20-29","60-69","60-69","90-99","70-79","100-109","80-89","50-59","70-79","80-89"],"SERIES_NAME":["FEMALE","FEMALE","FEMALE","MALE","FEMALE","FEMALE","MALE","MALE","FEMALE","FEMALE","MALE","MALE","MALE","FEMALE","FEMALE","FEMALE","FEMALE","MALE","MALE","FEMALE","FEMALE","MALE","FEMALE","FEMALE","FEMALE","MALE","FEMALE","FEMALE","MALE","MALE"],"X_CALENDAR_YEAR":["2008","2008","2008","2008","2008","2008","2008","2008","2009","2009","2009","2009","2009","2009","2009","2009","2009","2009","2009","2009","2009","2010","2010","2010","2010","2010","2010","2010","2010","2010"],"Y_PREVALENCE_1000PP":[0.41759,0.55687,3.09598,0.34358,0.25088,0.1932,0.20934,0.22581,0.3212,0.4032,0.2812,0.31384,0.25597,0.15497,0.21782,1.12233,0.53333,0.49188,0.29922,0.31939,3.7594,0.10323,0.2842,0.19102,0.44964,3.83142,0.19507,0.33887,0.16311,0.486]},"PREVALENCE_BY_MONTH":{"X_CALENDAR_MONTH":["200801","200901","201001"],"Y_PREVALENCE_1000PP":[0.02686,0.03685,0.01867]},"CONDITIONS_BY_TYPE":{"CONCEPT_NAME":[],"COUNT_VALUE":[]},"AGE_AT_FIRST_DIAGNOSIS":{"CATEGORY":["FEMALE","MALE"],"MIN_VALUE":[29,42],"P10_VALUE":[56,66],"P25_VALUE":[69,69],"MEDIAN_VALUE":[76,75],"P75_VALUE":[82,83],"P90_VALUE":[86,85],"MAX_VALUE":[93,101]}}
