{"PREVALENCE_BY_GENDER_AGE_YEAR":{"TRELLIS_NAME":["40-49","60-69","70-79","80-89","70-79","80-89","80-89","70-79","80-89","70-79","60-69","40-49","60-69","80-89","70-79"],"SERIES_NAME":["MALE","MALE","FEMALE","FEMALE","MALE","MALE","MALE","MALE","FEMALE","FEMALE","FEMALE","MALE","FEMALE","FEMALE","FEMALE"],"X_CALENDAR_YEAR":["2008","2008","2008","2008","2008","2008","2009","2009","2009","2009","2009","2010","2010","2010","2010"],"Y_PREVALENCE_1000PP":[0.44228,0.06978,0.0464,0.06961,0.05726,0.33872,0.10461,0.05624,0.2688,0.04589,0.15497,0.53648,0.09473,0.06502,0.04496]},"PREVALENCE_BY_MONTH":{"X_CALENDAR_MONTH":"201001","Y_PREVALENCE_1000PP":0.00934},"CONDITIONS_BY_TYPE":{"CONCEPT_NAME":[],"COUNT_VALUE":[]},"AGE_AT_FIRST_DIAGNOSIS":{"CATEGORY":["FEMALE","MALE"],"MIN_VALUE":[66,48],"P10_VALUE":[68,48],"P25_VALUE":[69,64],"MEDIAN_VALUE":[79,78],"P75_VALUE":[84,81],"P90_VALUE":[88,82],"MAX_VALUE":[89,82]}}
