{"PREVALENCE_BY_GENDER_AGE_YEAR":{"TRELLIS_NAME":["60-69","80-89"],"SERIES_NAME":["MALE","FEMALE"],"X_CALENDAR_YEAR":["2008","2009"],"Y_PREVALENCE_1000PP":[0.06978,0.0672]},"PREVALENCE_BY_MONTH":{"X_CALENDAR_MONTH":[],"Y_PREVALENCE_1000PP":[]},"CONDITIONS_BY_TYPE":{"CONCEPT_NAME":[],"COUNT_VALUE":[]},"AGE_AT_FIRST_DIAGNOSIS":{"CATEGORY":["FEMALE","MALE"],"MIN_VALUE":[83,62],"P10_VALUE":[83,62],"P25_VALUE":[83,62],"MEDIAN_VALUE":[83,62],"P75_VALUE":[83,62],"P90_VALUE":[83,62],"MAX_VALUE":[83,62]}}
