{"PREVALENCE_BY_GENDER_AGE_YEAR":{"TRELLIS_NAME":["80-89","70-79","30-39","30-39","50-59","60-69","60-69","70-79","80-89","70-79","70-79","80-89","80-89"],"SERIES_NAME":["FEMALE","FEMALE","MALE","FEMALE","MALE","MALE","FEMALE","FEMALE","FEMALE","MALE","FEMALE","FEMALE","MALE"],"X_CALENDAR_YEAR":["2008","2008","2008","2008","2009","2009","2009","2009","2009","2009","2010","2010","2010"],"Y_PREVALENCE_1000PP":[0.27844,0.0928,0.86957,1.03199,0.29922,0.08532,0.15497,0.13766,0.1344,0.05624,0.17986,0.06502,0.0972]},"PREVALENCE_BY_MONTH":{"X_CALENDAR_MONTH":["200801","200901","201001"],"Y_PREVALENCE_1000PP":[0.00895,0.01842,0.01867]},"CONDITIONS_BY_TYPE":{"CONCEPT_NAME":[],"COUNT_VALUE":[]},"AGE_AT_FIRST_DIAGNOSIS":{"CATEGORY":["FEMALE","MALE"],"MIN_VALUE":[30,37],"P10_VALUE":[60,37],"P25_VALUE":[71,59],"MEDIAN_VALUE":[78,64],"P75_VALUE":[83,76],"P90_VALUE":[85,83],"MAX_VALUE":[86,83]}}
