{"PREVALENCE_BY_GENDER_AGE_YEAR":{"TRELLIS_NAME":["50-59","60-69","80-89"],"SERIES_NAME":["FEMALE","FEMALE","FEMALE"],"X_CALENDAR_YEAR":["2008","2008","2010"],"Y_PREVALENCE_1000PP":[0.30469,0.0644,0.06502]},"PREVALENCE_BY_MONTH":{"X_CALENDAR_MONTH":"201001","Y_PREVALENCE_1000PP":0.00934},"CONDITIONS_BY_TYPE":{"CONCEPT_NAME":[],"COUNT_VALUE":[]},"AGE_AT_FIRST_DIAGNOSIS":{"CATEGORY":"FEMALE","MIN_VALUE":56,"P10_VALUE":56,"P25_VALUE":56,"MEDIAN_VALUE":60,"P75_VALUE":81,"P90_VALUE":81,"MAX_VALUE":81}}
