{"PREVALENCE_BY_GENDER_AGE_YEAR":{"TRELLIS_NAME":["80-89","70-79","80-89","70-79","60-69","60-69","30-39","50-59","70-79","90-99","60-69","80-89","60-69","80-89","70-79","70-79","50-59","40-49","80-89","60-69","70-79","60-69","80-89"],"SERIES_NAME":["MALE","MALE","FEMALE","FEMALE","FEMALE","MALE","MALE","MALE","FEMALE","FEMALE","FEMALE","MALE","MALE","FEMALE","MALE","FEMALE","FEMALE","MALE","FEMALE","FEMALE","MALE","MALE","MALE"],"X_CALENDAR_YEAR":["2008","2008","2008","2008","2008","2008","2008","2008","2009","2009","2009","2009","2009","2009","2009","2010","2010","2010","2010","2010","2010","2010","2010"],"Y_PREVALENCE_1000PP":[0.22581,0.22906,0.13922,0.1392,0.1288,0.13956,0.86957,0.27518,0.18355,0.21782,0.07748,0.10461,0.17065,0.0672,0.05624,0.04496,0.33887,0.53648,0.13005,0.09473,0.05437,0.20646,0.0972]},"PREVALENCE_BY_MONTH":{"X_CALENDAR_MONTH":["200801","200901"],"Y_PREVALENCE_1000PP":[0.00895,0.00921]},"CONDITIONS_BY_TYPE":{"CONCEPT_NAME":[],"COUNT_VALUE":[]},"AGE_AT_FIRST_DIAGNOSIS":{"CATEGORY":["FEMALE","MALE"],"MIN_VALUE":[57,31],"P10_VALUE":[65,48],"P25_VALUE":[69,63],"MEDIAN_VALUE":[73,71],"P75_VALUE":[82,77],"P90_VALUE":[89,85],"MAX_VALUE":[90,88]}}
