{"PREVALENCE_BY_GENDER_AGE_YEAR":{"TRELLIS_NAME":["50-59","60-69","60-69","80-89","30-39","90-99","40-49","60-69","70-79","80-89","70-79","80-89","70-79"],"SERIES_NAME":["FEMALE","FEMALE","MALE","FEMALE","FEMALE","FEMALE","FEMALE","FEMALE","FEMALE","FEMALE","FEMALE","FEMALE","MALE"],"X_CALENDAR_YEAR":["2008","2008","2008","2008","2008","2009","2009","2009","2009","2009","2010","2010","2010"],"Y_PREVALENCE_1000PP":[0.30469,0.1288,0.27912,0.06961,1.03199,0.21782,0.53333,0.07748,0.09177,0.0672,0.08993,0.06502,0.05437]},"PREVALENCE_BY_MONTH":{"X_CALENDAR_MONTH":"200901","Y_PREVALENCE_1000PP":0.01842},"CONDITIONS_BY_TYPE":{"CONCEPT_NAME":[],"COUNT_VALUE":[]},"AGE_AT_FIRST_DIAGNOSIS":{"CATEGORY":["FEMALE","MALE"],"MIN_VALUE":[33,65],"P10_VALUE":[43,65],"P25_VALUE":[60,66],"MEDIAN_VALUE":[70,68],"P75_VALUE":[80,69],"P90_VALUE":[80,79],"MAX_VALUE":[96,79]}}
