{"PREVALENCE_BY_GENDER_AGE_YEAR":{"TRELLIS_NAME":["90-99","80-89","80-89","60-69"],"SERIES_NAME":["FEMALE","MALE","FEMALE","FEMALE"],"X_CALENDAR_YEAR":["2008","2008","2009","2009"],"Y_PREVALENCE_1000PP":[0.25088,0.11291,0.2016,0.07748]},"PREVALENCE_BY_MONTH":{"X_CALENDAR_MONTH":[],"Y_PREVALENCE_1000PP":[]},"CONDITIONS_BY_TYPE":{"CONCEPT_NAME":[],"COUNT_VALUE":[]},"AGE_AT_FIRST_DIAGNOSIS":{"CATEGORY":["FEMALE","MALE"],"MIN_VALUE":[61,82],"P10_VALUE":[61,82],"P25_VALUE":[82,82],"MEDIAN_VALUE":[83,82],"P75_VALUE":[86,82],"P90_VALUE":[98,82],"MAX_VALUE":[98,82]}}
