{"PREVALENCE_BY_GENDER_AGE_YEAR":{"TRELLIS_NAME":["70-79","80-89","70-79","80-89","70-79","80-89","70-79","40-49","20-29","50-59","70-79","90-99","20-29","50-59"],"SERIES_NAME":["FEMALE","FEMALE","MALE","MALE","MALE","FEMALE","FEMALE","FEMALE","FEMALE","MALE","MALE","MALE","MALE","FEMALE"],"X_CALENDAR_YEAR":["2008","2008","2008","2008","2009","2009","2009","2009","2009","2009","2010","2010","2010","2010"],"Y_PREVALENCE_1000PP":[0.0928,0.13922,0.05726,0.22581,0.11248,0.1344,0.04589,0.53333,3.7594,0.29922,0.10874,0.42445,4.13223,0.33887]},"PREVALENCE_BY_MONTH":{"X_CALENDAR_MONTH":"200801","Y_PREVALENCE_1000PP":0.00895},"CONDITIONS_BY_TYPE":{"CONCEPT_NAME":[],"COUNT_VALUE":[]},"AGE_AT_FIRST_DIAGNOSIS":{"CATEGORY":["FEMALE","MALE"],"MIN_VALUE":[27,27],"P10_VALUE":[27,27],"P25_VALUE":[55,71],"MEDIAN_VALUE":[72,74],"P75_VALUE":[83,84],"P90_VALUE":[87,88],"MAX_VALUE":[89,91]}}
