{"PREVALENCE_BY_GENDER_AGE_YEAR":{"TRELLIS_NAME":["70-79","80-89","70-79","40-49","60-69","90-99"],"SERIES_NAME":["MALE","FEMALE","MALE","FEMALE","MALE","FEMALE"],"X_CALENDAR_YEAR":["2008","2009","2009","2009","2009","2010"],"Y_PREVALENCE_1000PP":[0.05726,0.0672,0.05624,0.53333,0.08532,0.19102]},"PREVALENCE_BY_MONTH":{"X_CALENDAR_MONTH":[],"Y_PREVALENCE_1000PP":[]},"CONDITIONS_BY_TYPE":{"CONCEPT_NAME":[],"COUNT_VALUE":[]},"AGE_AT_FIRST_DIAGNOSIS":{"CATEGORY":["FEMALE","MALE"],"MIN_VALUE":[43,69],"P10_VALUE":[43,69],"P25_VALUE":[43,69],"MEDIAN_VALUE":[85,70],"P75_VALUE":[93,75],"P90_VALUE":[93,75],"MAX_VALUE":[93,75]}}
