{"PREVALENCE_BY_GENDER_AGE_YEAR":{"TRELLIS_NAME":["90-99","70-79","80-89","70-79","60-69","80-89","50-59","60-69","50-59","50-59","80-89","70-79","80-89","30-39","60-69","90-99","40-49","60-69","90-99","50-59","80-89","70-79","80-89","70-79","60-69","90-99","60-69"],"SERIES_NAME":["MALE","FEMALE","MALE","MALE","MALE","FEMALE","FEMALE","FEMALE","MALE","FEMALE","MALE","FEMALE","FEMALE","FEMALE","FEMALE","FEMALE","MALE","MALE","MALE","FEMALE","FEMALE","FEMALE","MALE","MALE","MALE","FEMALE","FEMALE"],"X_CALENDAR_YEAR":["2008","2008","2008","2008","2008","2008","2008","2008","2009","2009","2009","2009","2009","2009","2009","2009","2009","2009","2009","2010","2010","2010","2010","2010","2010","2010","2010"],"Y_PREVALENCE_1000PP":[0.64851,0.3248,0.22581,0.40085,0.20934,0.20883,0.30469,0.0644,0.29922,0.31939,0.10461,0.22943,0.2688,1.12233,0.23245,0.21782,0.49188,0.3413,0.52219,0.67774,0.19507,0.17986,0.0972,0.10874,0.20646,0.19102,0.09473]},"PREVALENCE_BY_MONTH":{"X_CALENDAR_MONTH":["200801","200901","201001"],"Y_PREVALENCE_1000PP":[0.02686,0.01842,0.00934]},"CONDITIONS_BY_TYPE":{"CONCEPT_NAME":[],"COUNT_VALUE":[]},"AGE_AT_FIRST_DIAGNOSIS":{"CATEGORY":["FEMALE","MALE"],"MIN_VALUE":[35,45],"P10_VALUE":[58,60],"P25_VALUE":[69,67],"MEDIAN_VALUE":[74,71],"P75_VALUE":[82,77],"P90_VALUE":[86,85],"MAX_VALUE":[99,94]}}
