{"PREVALENCE_BY_GENDER_AGE_YEAR":{"TRELLIS_NAME":["30-39","60-69","60-69","70-79","80-89","80-89","50-59","40-49","60-69","90-99","80-89","70-79","80-89","70-79","90-99","60-69","80-89","30-39","60-69","80-89","70-79","100-109"],"SERIES_NAME":["MALE","FEMALE","MALE","MALE","MALE","FEMALE","MALE","FEMALE","FEMALE","FEMALE","FEMALE","FEMALE","MALE","MALE","MALE","MALE","FEMALE","MALE","FEMALE","MALE","MALE","MALE"],"X_CALENDAR_YEAR":["2008","2008","2008","2008","2008","2008","2009","2009","2009","2009","2009","2009","2009","2009","2009","2009","2010","2010","2010","2010","2010","2010"],"Y_PREVALENCE_1000PP":[0.86957,0.1932,0.13956,0.11453,0.33872,0.20883,0.29922,0.53333,0.23245,0.21782,0.2688,0.18355,0.31384,0.05624,0.52219,0.08532,0.19507,1.04493,0.09473,0.0972,0.10874,3.83142]},"PREVALENCE_BY_MONTH":{"X_CALENDAR_MONTH":"200901","Y_PREVALENCE_1000PP":0.02764},"CONDITIONS_BY_TYPE":{"CONCEPT_NAME":[],"COUNT_VALUE":[]},"AGE_AT_FIRST_DIAGNOSIS":{"CATEGORY":["FEMALE","MALE"],"MIN_VALUE":[46,31],"P10_VALUE":[66,38],"P25_VALUE":[67,68],"MEDIAN_VALUE":[78,76],"P75_VALUE":[85,84],"P90_VALUE":[89,88],"MAX_VALUE":[95,100]}}
