{"PREVALENCE_BY_GENDER_AGE_YEAR":{"TRELLIS_NAME":["40-49","60-69","90-99","70-79","80-89","70-79","80-89","90-99","70-79","40-49","30-39","70-79","60-69","60-69"],"SERIES_NAME":["FEMALE","MALE","FEMALE","FEMALE","FEMALE","MALE","FEMALE","FEMALE","MALE","MALE","MALE","MALE","MALE","FEMALE"],"X_CALENDAR_YEAR":["2008","2008","2008","2008","2008","2008","2009","2009","2009","2009","2009","2010","2010","2010"],"Y_PREVALENCE_1000PP":[0.49727,0.06978,0.25088,0.0464,0.06961,0.05726,0.0672,0.21782,0.11248,0.49188,0.97943,0.10874,0.10323,0.09473]},"PREVALENCE_BY_MONTH":{"X_CALENDAR_MONTH":["200801","200901","201001"],"Y_PREVALENCE_1000PP":[0.00895,0.00921,0.00934]},"CONDITIONS_BY_TYPE":{"CONCEPT_NAME":[],"COUNT_VALUE":[]},"AGE_AT_FIRST_DIAGNOSIS":{"CATEGORY":["FEMALE","MALE"],"MIN_VALUE":[47,39],"P10_VALUE":[47,39],"P25_VALUE":[67,68],"MEDIAN_VALUE":[80,73],"P75_VALUE":[97,77],"P90_VALUE":[97,79],"MAX_VALUE":[97,79]}}
