{"PREVALENCE_BY_GENDER_AGE_YEAR":{"TRELLIS_NAME":["70-79","40-49","70-79","70-79","60-69"],"SERIES_NAME":["FEMALE","FEMALE","FEMALE","MALE","FEMALE"],"X_CALENDAR_YEAR":["2008","2008","2009","2009","2009"],"Y_PREVALENCE_1000PP":[0.0928,0.49727,0.09177,0.05624,0.07748]},"PREVALENCE_BY_MONTH":{"X_CALENDAR_MONTH":[],"Y_PREVALENCE_1000PP":[]},"CONDITIONS_BY_TYPE":{"CONCEPT_NAME":[],"COUNT_VALUE":[]},"AGE_AT_FIRST_DIAGNOSIS":{"CATEGORY":["FEMALE","MALE"],"MIN_VALUE":[49,76],"P10_VALUE":[49,76],"P25_VALUE":[67,76],"MEDIAN_VALUE":[72,76],"P75_VALUE":[73,76],"P90_VALUE":[78,76],"MAX_VALUE":[78,76]}}
