{"PREVALENCE_BY_GENDER_AGE_YEAR":{"TRELLIS_NAME":["70-79","80-89","60-69","90-99","60-69","70-79","80-89","70-79","80-89","90-99","60-69","70-79","60-69"],"SERIES_NAME":["FEMALE","FEMALE","FEMALE","FEMALE","MALE","MALE","MALE","FEMALE","FEMALE","FEMALE","MALE","FEMALE","FEMALE"],"X_CALENDAR_YEAR":["2008","2008","2008","2008","2008","2009","2009","2009","2009","2009","2010","2010","2010"],"Y_PREVALENCE_1000PP":[0.0464,0.06961,0.1288,0.50176,0.06978,0.05624,0.20923,0.22943,0.1344,0.21782,0.20646,0.04496,0.09473]},"PREVALENCE_BY_MONTH":{"X_CALENDAR_MONTH":["200901","201001"],"Y_PREVALENCE_1000PP":[0.00921,0.00934]},"CONDITIONS_BY_TYPE":{"CONCEPT_NAME":[],"COUNT_VALUE":[]},"AGE_AT_FIRST_DIAGNOSIS":{"CATEGORY":["FEMALE","MALE"],"MIN_VALUE":[67,63],"P10_VALUE":[67,63],"P25_VALUE":[71,68],"MEDIAN_VALUE":[74,69],"P75_VALUE":[85,80],"P90_VALUE":[92,81],"MAX_VALUE":[94,81]}}
