{"PREVALENCE_BY_GENDER_AGE_YEAR":{"TRELLIS_NAME":["60-69","80-89","80-89","70-79","50-59","90-99","60-69","70-79","80-89","70-79","80-89","60-69","40-49","70-79","80-89","70-79"],"SERIES_NAME":["MALE","FEMALE","MALE","MALE","MALE","FEMALE","FEMALE","FEMALE","FEMALE","MALE","MALE","MALE","MALE","MALE","FEMALE","FEMALE"],"X_CALENDAR_YEAR":["2008","2008","2008","2008","2009","2009","2009","2009","2009","2009","2009","2010","2010","2010","2010","2010"],"Y_PREVALENCE_1000PP":[0.06978,0.20883,0.11291,0.05726,0.59844,0.43563,0.07748,0.3212,0.2016,0.22496,0.31384,0.10323,0.53648,0.16311,0.13005,0.13489]},"PREVALENCE_BY_MONTH":{"X_CALENDAR_MONTH":["200901","201001"],"Y_PREVALENCE_1000PP":[0.01842,0.00934]},"CONDITIONS_BY_TYPE":{"CONCEPT_NAME":[],"COUNT_VALUE":[]},"AGE_AT_FIRST_DIAGNOSIS":{"CATEGORY":["FEMALE","MALE"],"MIN_VALUE":[67,49],"P10_VALUE":[72,57],"P25_VALUE":[73,67],"MEDIAN_VALUE":[78,74],"P75_VALUE":[87,77],"P90_VALUE":[89,84],"MAX_VALUE":[99,89]}}
