{"PREVALENCE_BY_GENDER_AGE_YEAR":{"TRELLIS_NAME":["40-49","90-99","90-99","60-69","80-89","70-79","80-89","70-79","80-89","70-79","80-89","90-99","60-69","90-99","60-69","50-59","40-49","80-89","30-39"],"SERIES_NAME":["FEMALE","FEMALE","MALE","MALE","MALE","MALE","FEMALE","FEMALE","FEMALE","MALE","MALE","FEMALE","FEMALE","FEMALE","MALE","MALE","FEMALE","MALE","FEMALE"],"X_CALENDAR_YEAR":["2008","2008","2008","2008","2008","2008","2008","2009","2009","2009","2009","2009","2010","2010","2010","2010","2010","2010","2010"],"Y_PREVALENCE_1000PP":[0.49727,0.25088,0.64851,0.13956,0.11291,0.11453,0.13922,0.18355,0.1344,0.05624,0.10461,0.21782,0.09473,0.19102,0.10323,0.31666,0.58241,0.0972,1.19048]},"PREVALENCE_BY_MONTH":{"X_CALENDAR_MONTH":["200801","200901"],"Y_PREVALENCE_1000PP":[0.00895,0.00921]},"CONDITIONS_BY_TYPE":{"CONCEPT_NAME":[],"COUNT_VALUE":[]},"AGE_AT_FIRST_DIAGNOSIS":{"CATEGORY":["FEMALE","MALE"],"MIN_VALUE":[31,55],"P10_VALUE":[40,66],"P25_VALUE":[68,68],"MEDIAN_VALUE":[77,76],"P75_VALUE":[89,84],"P90_VALUE":[95,87],"MAX_VALUE":[97,95]}}
