{"PREVALENCE_BY_GENDER_AGE_YEAR":{"TRELLIS_NAME":["80-89","60-69","60-69","60-69","30-39","80-89"],"SERIES_NAME":["FEMALE","FEMALE","MALE","MALE","MALE","FEMALE"],"X_CALENDAR_YEAR":["2008","2008","2008","2009","2009","2010"],"Y_PREVALENCE_1000PP":[0.06961,0.0644,0.06978,0.08532,0.97943,0.06502]},"PREVALENCE_BY_MONTH":{"X_CALENDAR_MONTH":[],"Y_PREVALENCE_1000PP":[]},"CONDITIONS_BY_TYPE":{"CONCEPT_NAME":[],"COUNT_VALUE":[]},"AGE_AT_FIRST_DIAGNOSIS":{"CATEGORY":["FEMALE","MALE"],"MIN_VALUE":[66,36],"P10_VALUE":[66,36],"P25_VALUE":[66,36],"MEDIAN_VALUE":[81,64],"P75_VALUE":[86,65],"P90_VALUE":[86,65],"MAX_VALUE":[86,65]}}
