{"PREVALENCE_BY_GENDER_AGE_YEAR":{"TRELLIS_NAME":["50-59","50-59","40-49","60-69","60-69","90-99","70-79","80-89","70-79","50-59","50-59","30-39","40-49","40-49","60-69","90-99","60-69","80-89","70-79","80-89","70-79","70-79","60-69","60-69"],"SERIES_NAME":["MALE","FEMALE","FEMALE","MALE","FEMALE","FEMALE","FEMALE","FEMALE","MALE","MALE","FEMALE","FEMALE","FEMALE","MALE","MALE","MALE","FEMALE","MALE","FEMALE","FEMALE","MALE","FEMALE","FEMALE","MALE"],"X_CALENDAR_YEAR":["2008","2008","2008","2008","2008","2008","2008","2008","2008","2009","2009","2009","2009","2009","2009","2009","2009","2009","2009","2009","2009","2010","2010","2010"],"Y_PREVALENCE_1000PP":[0.27518,0.30469,0.49727,0.13956,0.1288,0.25088,0.1856,0.20883,0.17179,0.59844,0.31939,1.12233,0.53333,0.49188,0.3413,0.52219,0.15497,0.20923,0.27532,0.336,0.39368,0.13489,0.18947,0.10323]},"PREVALENCE_BY_MONTH":{"X_CALENDAR_MONTH":"200901","Y_PREVALENCE_1000PP":0.04606},"CONDITIONS_BY_TYPE":{"CONCEPT_NAME":[],"COUNT_VALUE":[]},"AGE_AT_FIRST_DIAGNOSIS":{"CATEGORY":["FEMALE","MALE"],"MIN_VALUE":[37,47],"P10_VALUE":[51,55],"P25_VALUE":[67,66],"MEDIAN_VALUE":[73,70],"P75_VALUE":[80,76],"P90_VALUE":[82,80],"MAX_VALUE":[92,91]}}
