{"PREVALENCE_BY_GENDER_AGE_YEAR":{"TRELLIS_NAME":["60-69","70-79","50-59","80-89"],"SERIES_NAME":["MALE","MALE","MALE","MALE"],"X_CALENDAR_YEAR":["2008","2008","2009","2009"],"Y_PREVALENCE_1000PP":[0.06978,0.05726,0.29922,0.10461]},"PREVALENCE_BY_MONTH":{"X_CALENDAR_MONTH":[],"Y_PREVALENCE_1000PP":[]},"CONDITIONS_BY_TYPE":{"CONCEPT_NAME":[],"COUNT_VALUE":[]},"AGE_AT_FIRST_DIAGNOSIS":{"CATEGORY":"MALE","MIN_VALUE":59,"P10_VALUE":59,"P25_VALUE":59,"MEDIAN_VALUE":68,"P75_VALUE":75,"P90_VALUE":80,"MAX_VALUE":80}}
