{"PREVALENCE_BY_GENDER_AGE_YEAR":{"TRELLIS_NAME":["60-69","40-49","30-39","40-49","70-79","80-89","70-79","40-49","40-49","50-59","70-79","90-99","60-69","80-89","80-89","80-89","50-59","70-79","20-29","50-59","70-79","80-89","60-69"],"SERIES_NAME":["FEMALE","FEMALE","MALE","MALE","MALE","FEMALE","FEMALE","FEMALE","MALE","MALE","FEMALE","MALE","MALE","MALE","FEMALE","FEMALE","MALE","FEMALE","FEMALE","FEMALE","MALE","MALE","MALE"],"X_CALENDAR_YEAR":["2008","2008","2008","2008","2008","2008","2008","2009","2009","2009","2009","2009","2009","2009","2009","2010","2010","2010","2010","2010","2010","2010","2010"],"Y_PREVALENCE_1000PP":[0.1932,0.49727,0.86957,0.44228,0.11453,0.48726,0.1856,0.53333,0.49188,0.29922,0.18355,0.52219,0.08532,0.20923,0.2688,0.06502,0.31666,0.13489,5.10204,0.33887,0.16311,0.2916,0.10323]},"PREVALENCE_BY_MONTH":{"X_CALENDAR_MONTH":["200801","200901","201001"],"Y_PREVALENCE_1000PP":[0.00895,0.00921,0.00934]},"CONDITIONS_BY_TYPE":{"CONCEPT_NAME":[],"COUNT_VALUE":[]},"AGE_AT_FIRST_DIAGNOSIS":{"CATEGORY":["FEMALE","MALE"],"MIN_VALUE":[27,34],"P10_VALUE":[48,44],"P25_VALUE":[70,59],"MEDIAN_VALUE":[77,70],"P75_VALUE":[82,81],"P90_VALUE":[87,87],"MAX_VALUE":[88,92]}}
