{"PREVALENCE_BY_GENDER_AGE_YEAR":{"TRELLIS_NAME":["70-79","80-89","70-79","60-69","50-59","70-79","80-89","60-69","50-59","70-79","60-69","80-89","80-89","60-69","80-89"],"SERIES_NAME":["MALE","FEMALE","FEMALE","MALE","MALE","MALE","FEMALE","FEMALE","MALE","FEMALE","MALE","MALE","MALE","FEMALE","FEMALE"],"X_CALENDAR_YEAR":["2008","2008","2008","2008","2008","2009","2009","2009","2009","2009","2009","2009","2010","2010","2010"],"Y_PREVALENCE_1000PP":[0.34358,0.20883,0.232,0.13956,0.27518,0.16872,0.0672,0.07748,0.29922,0.18355,0.08532,0.10461,0.2916,0.2842,0.06502]},"PREVALENCE_BY_MONTH":{"X_CALENDAR_MONTH":"200801","Y_PREVALENCE_1000PP":0.01791},"CONDITIONS_BY_TYPE":{"CONCEPT_NAME":[],"COUNT_VALUE":[]},"AGE_AT_FIRST_DIAGNOSIS":{"CATEGORY":["FEMALE","MALE"],"MIN_VALUE":[60,52],"P10_VALUE":[61,59],"P25_VALUE":[70,69],"MEDIAN_VALUE":[76,73],"P75_VALUE":[80,79],"P90_VALUE":[87,85],"MAX_VALUE":[89,89]}}
