{"PREVALENCE_BY_GENDER_AGE_YEAR":{"TRELLIS_NAME":["70-79","70-79","60-69","60-69","90-99","50-59","60-69","70-79","80-89","70-79","70-79","80-89","60-69","50-59"],"SERIES_NAME":["FEMALE","MALE","MALE","FEMALE","FEMALE","FEMALE","MALE","MALE","FEMALE","FEMALE","MALE","FEMALE","FEMALE","MALE"],"X_CALENDAR_YEAR":["2008","2008","2008","2008","2008","2008","2009","2009","2009","2009","2010","2010","2010","2010"],"Y_PREVALENCE_1000PP":[0.0464,0.11453,0.06978,0.0644,0.25088,0.60938,0.17065,0.05624,0.0672,0.04589,0.05437,0.13005,0.18947,0.31666]},"PREVALENCE_BY_MONTH":{"X_CALENDAR_MONTH":[],"Y_PREVALENCE_1000PP":[]},"CONDITIONS_BY_TYPE":{"CONCEPT_NAME":[],"COUNT_VALUE":[]},"AGE_AT_FIRST_DIAGNOSIS":{"CATEGORY":["FEMALE","MALE"],"MIN_VALUE":[53,54],"P10_VALUE":[55,54],"P25_VALUE":[66,62],"MEDIAN_VALUE":[70,69],"P75_VALUE":[82,73],"P90_VALUE":[83,74],"MAX_VALUE":[92,74]}}
