{"PREVALENCE_BY_GENDER_AGE_YEAR":{"TRELLIS_NAME":["60-69","40-49","60-69","80-89","60-69","60-69"],"SERIES_NAME":["MALE","MALE","FEMALE","MALE","MALE","FEMALE"],"X_CALENDAR_YEAR":["2008","2008","2009","2010","2010","2010"],"Y_PREVALENCE_1000PP":[0.06978,0.44228,0.07748,0.0972,0.10323,0.09473]},"PREVALENCE_BY_MONTH":{"X_CALENDAR_MONTH":[],"Y_PREVALENCE_1000PP":[]},"CONDITIONS_BY_TYPE":{"CONCEPT_NAME":[],"COUNT_VALUE":[]},"AGE_AT_FIRST_DIAGNOSIS":{"CATEGORY":["FEMALE","MALE"],"MIN_VALUE":[68,46],"P10_VALUE":[68,46],"P25_VALUE":[68,46],"MEDIAN_VALUE":[68,69],"P75_VALUE":[69,69],"P90_VALUE":[69,82],"MAX_VALUE":[69,82]}}
