{"PREVALENCE_BY_GENDER_AGE_YEAR":{"TRELLIS_NAME":["60-69","90-99","60-69","70-79","80-89","70-79","80-89","40-49","50-59","50-59","60-69","90-99","60-69","70-79","80-89","70-79","80-89","100-109","50-59","50-59","50-59","50-59","70-79","80-89","70-79","80-89","60-69"],"SERIES_NAME":["FEMALE","FEMALE","MALE","MALE","MALE","FEMALE","FEMALE","MALE","FEMALE","MALE","FEMALE","FEMALE","MALE","MALE","MALE","FEMALE","FEMALE","FEMALE","FEMALE","MALE","FEMALE","MALE","MALE","MALE","FEMALE","FEMALE","MALE"],"X_CALENDAR_YEAR":["2008","2008","2008","2008","2008","2008","2008","2008","2008","2008","2009","2009","2009","2009","2009","2009","2009","2009","2009","2009","2010","2010","2010","2010","2010","2010","2010"],"Y_PREVALENCE_1000PP":[0.2576,0.50176,0.20934,0.11453,0.33872,0.1856,0.27844,0.44228,0.30469,0.27518,0.38742,0.43563,0.25597,0.16872,0.31384,0.41298,0.8064,2.53807,0.63877,0.89767,0.67774,0.31666,0.05437,0.0972,0.08993,0.19507,0.10323]},"PREVALENCE_BY_MONTH":{"X_CALENDAR_MONTH":["200801","200901","201001"],"Y_PREVALENCE_1000PP":[0.03582,0.03685,0.00934]},"CONDITIONS_BY_TYPE":{"CONCEPT_NAME":[],"COUNT_VALUE":[]},"AGE_AT_FIRST_DIAGNOSIS":{"CATEGORY":["FEMALE","MALE"],"MIN_VALUE":[50,45],"P10_VALUE":[64,55],"P25_VALUE":[69,67],"MEDIAN_VALUE":[77,69],"P75_VALUE":[84,81],"P90_VALUE":[89,84],"MAX_VALUE":[100,85]}}
