{"PREVALENCE_BY_GENDER_AGE_YEAR":{"TRELLIS_NAME":["30-39","40-49","50-59","80-89","70-79","50-59","80-89","60-69","60-69","70-79","80-89","30-39","40-49","70-79","100-109","90-99","60-69","50-59","90-99","40-49","20-29","60-69","70-79","80-89","100-109","70-79","60-69","30-39","80-89","70-79"],"SERIES_NAME":["MALE","FEMALE","FEMALE","MALE","MALE","MALE","FEMALE","MALE","FEMALE","FEMALE","FEMALE","FEMALE","FEMALE","FEMALE","FEMALE","FEMALE","FEMALE","MALE","MALE","MALE","MALE","MALE","MALE","MALE","MALE","FEMALE","FEMALE","FEMALE","MALE","MALE"],"X_CALENDAR_YEAR":["2008","2008","2008","2008","2008","2008","2008","2008","2008","2008","2009","2009","2009","2009","2009","2009","2009","2009","2009","2009","2009","2009","2009","2009","2010","2010","2010","2010","2010","2010"],"Y_PREVALENCE_1000PP":[0.86957,1.4918,0.91408,0.11291,0.28632,0.27518,0.20883,0.13956,0.3864,0.3712,0.1344,1.12233,0.53333,0.27532,2.53807,0.21782,0.30993,0.29922,1.04439,0.49188,3.07692,0.25597,0.61864,0.31384,3.83142,0.08993,0.18947,2.38095,0.1944,0.38058]},"PREVALENCE_BY_MONTH":{"X_CALENDAR_MONTH":["200901","201001"],"Y_PREVALENCE_1000PP":[0.05527,0.01867]},"CONDITIONS_BY_TYPE":{"CONCEPT_NAME":[],"COUNT_VALUE":[]},"AGE_AT_FIRST_DIAGNOSIS":{"CATEGORY":["FEMALE","MALE"],"MIN_VALUE":[37,29],"P10_VALUE":[47,55],"P25_VALUE":[65,70],"MEDIAN_VALUE":[70,73],"P75_VALUE":[77,78],"P90_VALUE":[86,84],"MAX_VALUE":[100,101]}}
