{"PREVALENCE_BY_GENDER_AGE_YEAR":{"TRELLIS_NAME":["60-69","60-69","80-89","70-79","80-89","70-79","70-79","80-89","70-79","80-89","60-69","60-69","30-39","30-39","60-69","90-99","60-69"],"SERIES_NAME":["MALE","FEMALE","FEMALE","FEMALE","MALE","MALE","FEMALE","MALE","MALE","FEMALE","FEMALE","MALE","FEMALE","MALE","MALE","FEMALE","FEMALE"],"X_CALENDAR_YEAR":["2008","2008","2008","2008","2008","2008","2009","2009","2009","2009","2009","2009","2009","2009","2010","2010","2010"],"Y_PREVALENCE_1000PP":[0.06978,0.0644,0.20883,0.0928,0.22581,0.17179,0.09177,0.31384,0.05624,0.0672,0.23245,0.17065,1.12233,0.97943,0.10323,0.19102,0.09473]},"PREVALENCE_BY_MONTH":{"X_CALENDAR_MONTH":["200801","200901","201001"],"Y_PREVALENCE_1000PP":[0.00895,0.01842,0.00934]},"CONDITIONS_BY_TYPE":{"CONCEPT_NAME":[],"COUNT_VALUE":[]},"AGE_AT_FIRST_DIAGNOSIS":{"CATEGORY":["FEMALE","MALE"],"MIN_VALUE":[38,37],"P10_VALUE":[63,65],"P25_VALUE":[66,68],"MEDIAN_VALUE":[75,74],"P75_VALUE":[84,81],"P90_VALUE":[87,86],"MAX_VALUE":[91,87]}}
