{"PREVALENCE_BY_GENDER_AGE_YEAR":{"TRELLIS_NAME":["50-59","50-59","80-89","70-79","80-89","70-79","60-69","90-99","60-69","50-59","80-89","70-79","80-89","70-79","90-99","60-69","90-99","60-69","40-49","50-59","70-79","80-89","70-79","80-89","60-69","60-69"],"SERIES_NAME":["MALE","FEMALE","FEMALE","FEMALE","MALE","MALE","MALE","FEMALE","FEMALE","MALE","FEMALE","FEMALE","MALE","MALE","MALE","MALE","FEMALE","FEMALE","MALE","MALE","MALE","MALE","FEMALE","FEMALE","FEMALE","MALE"],"X_CALENDAR_YEAR":["2008","2008","2008","2008","2008","2008","2008","2008","2008","2009","2009","2009","2009","2009","2009","2009","2009","2009","2010","2010","2010","2010","2010","2010","2010","2010"],"Y_PREVALENCE_1000PP":[0.27518,0.30469,0.27844,0.46399,0.22581,0.28632,0.20934,0.75263,0.1288,0.29922,0.4032,0.64241,0.73229,0.22496,1.04439,0.42662,0.21782,0.23245,1.07296,0.31666,0.16311,0.1944,0.13489,0.39014,0.09473,0.10323]},"PREVALENCE_BY_MONTH":{"X_CALENDAR_MONTH":["200801","200901","201001"],"Y_PREVALENCE_1000PP":[0.01791,0.03685,0.02801]},"CONDITIONS_BY_TYPE":{"CONCEPT_NAME":[],"COUNT_VALUE":[]},"AGE_AT_FIRST_DIAGNOSIS":{"CATEGORY":["FEMALE","MALE"],"MIN_VALUE":[57,40],"P10_VALUE":[68,52],"P25_VALUE":[74,67],"MEDIAN_VALUE":[77,73],"P75_VALUE":[84,81],"P90_VALUE":[88,85],"MAX_VALUE":[99,99]}}
