{"PREVALENCE_BY_GENDER_AGE_YEAR":{"TRELLIS_NAME":["40-49","50-59","60-69","70-79","80-89","40-49","80-89","80-89","60-69","70-79","80-89","60-69","90-99","50-59","40-49","70-79","50-59","80-89","90-99"],"SERIES_NAME":["MALE","FEMALE","MALE","FEMALE","FEMALE","FEMALE","MALE","FEMALE","MALE","MALE","MALE","FEMALE","FEMALE","MALE","FEMALE","FEMALE","FEMALE","FEMALE","FEMALE"],"X_CALENDAR_YEAR":["2008","2008","2008","2008","2008","2008","2008","2009","2009","2009","2009","2009","2009","2009","2009","2009","2010","2010","2010"],"Y_PREVALENCE_1000PP":[0.44228,0.30469,0.06978,0.0464,0.27844,0.49727,0.22581,0.0672,0.17065,0.05624,0.10461,0.15497,0.21782,0.29922,0.53333,0.13766,0.33887,0.06502,0.19102]},"PREVALENCE_BY_MONTH":{"X_CALENDAR_MONTH":["200901","201001"],"Y_PREVALENCE_1000PP":[0.01842,0.02801]},"CONDITIONS_BY_TYPE":{"CONCEPT_NAME":[],"COUNT_VALUE":[]},"AGE_AT_FIRST_DIAGNOSIS":{"CATEGORY":["FEMALE","MALE"],"MIN_VALUE":[47,45],"P10_VALUE":[49,45],"P25_VALUE":[67,66],"MEDIAN_VALUE":[76,68],"P75_VALUE":[83,80],"P90_VALUE":[90,83],"MAX_VALUE":[99,83]}}
