{"PREVALENCE_BY_GENDER_AGE_YEAR":{"TRELLIS_NAME":["70-79","70-79","60-69","70-79","60-69","20-29","70-79","70-79","50-59"],"SERIES_NAME":["FEMALE","MALE","MALE","FEMALE","MALE","FEMALE","FEMALE","MALE","MALE"],"X_CALENDAR_YEAR":["2008","2008","2008","2009","2009","2010","2010","2010","2010"],"Y_PREVALENCE_1000PP":[0.0928,0.05726,0.06978,0.04589,0.08532,5.10204,0.04496,0.10874,0.31666]},"PREVALENCE_BY_MONTH":{"X_CALENDAR_MONTH":"201001","Y_PREVALENCE_1000PP":0.01867},"CONDITIONS_BY_TYPE":{"CONCEPT_NAME":[],"COUNT_VALUE":[]},"AGE_AT_FIRST_DIAGNOSIS":{"CATEGORY":["FEMALE","MALE"],"MIN_VALUE":[27,59],"P10_VALUE":[27,59],"P25_VALUE":[70,66],"MEDIAN_VALUE":[70,69],"P75_VALUE":[73,75],"P90_VALUE":[74,79],"MAX_VALUE":[74,79]}}
