{"PREVALENCE_BY_GENDER_AGE_YEAR":{"TRELLIS_NAME":["30-39","60-69","70-79","60-69","60-69","70-79","70-79","80-89","70-79","60-69"],"SERIES_NAME":["MALE","FEMALE","FEMALE","MALE","FEMALE","FEMALE","MALE","FEMALE","FEMALE","FEMALE"],"X_CALENDAR_YEAR":["2008","2008","2008","2009","2009","2009","2009","2010","2010","2010"],"Y_PREVALENCE_1000PP":[0.86957,0.0644,0.0464,0.17065,0.07748,0.09177,0.05624,0.06502,0.04496,0.09473]},"PREVALENCE_BY_MONTH":{"X_CALENDAR_MONTH":["200901","201001"],"Y_PREVALENCE_1000PP":[0.00921,0.01867]},"CONDITIONS_BY_TYPE":{"CONCEPT_NAME":[],"COUNT_VALUE":[]},"AGE_AT_FIRST_DIAGNOSIS":{"CATEGORY":["FEMALE","MALE"],"MIN_VALUE":[68,39],"P10_VALUE":[68,39],"P25_VALUE":[68,39],"MEDIAN_VALUE":[77,60],"P75_VALUE":[78,69],"P90_VALUE":[80,70],"MAX_VALUE":[80,70]}}
