{"PREVALENCE_BY_GENDER_AGE_YEAR":{"TRELLIS_NAME":["70-79","80-89","70-79","80-89","60-69","90-99","60-69","40-49","50-59","70-79","80-89","70-79","80-89","60-69","90-99","60-69","30-39","30-39","100-109","50-59","70-79","80-89","70-79","60-69","50-59"],"SERIES_NAME":["MALE","MALE","FEMALE","FEMALE","FEMALE","FEMALE","MALE","FEMALE","FEMALE","MALE","MALE","FEMALE","FEMALE","FEMALE","FEMALE","MALE","MALE","FEMALE","MALE","MALE","FEMALE","MALE","MALE","FEMALE","MALE"],"X_CALENDAR_YEAR":["2008","2008","2008","2008","2008","2008","2008","2008","2008","2009","2009","2009","2009","2009","2009","2009","2009","2009","2009","2009","2010","2010","2010","2010","2010"],"Y_PREVALENCE_1000PP":[0.17179,0.67743,0.1392,0.06961,0.0644,0.25088,0.20934,0.49727,0.30469,0.2812,0.10461,0.22943,0.1344,0.15497,0.21782,0.08532,0.97943,1.12233,7.63359,0.29922,0.04496,0.1944,0.05437,0.09473,0.31666]},"PREVALENCE_BY_MONTH":{"X_CALENDAR_MONTH":["200801","200901","201001"],"Y_PREVALENCE_1000PP":[0.00895,0.00921,0.00934]},"CONDITIONS_BY_TYPE":{"CONCEPT_NAME":[],"COUNT_VALUE":[]},"AGE_AT_FIRST_DIAGNOSIS":{"CATEGORY":["FEMALE","MALE"],"MIN_VALUE":[30,37],"P10_VALUE":[57,57],"P25_VALUE":[67,69],"MEDIAN_VALUE":[74,75],"P75_VALUE":[77,84],"P90_VALUE":[87,87],"MAX_VALUE":[97,100]}}
