{"PREVALENCE_BY_GENDER_AGE_YEAR":{"TRELLIS_NAME":["40-49","50-59","90-99","60-69","90-99","60-69","80-89","70-79","80-89","70-79","50-59","70-79","60-69","60-69","80-89","80-89","70-79","80-89","70-79","80-89","70-79","60-69","60-69","50-59"],"SERIES_NAME":["MALE","FEMALE","FEMALE","FEMALE","MALE","MALE","MALE","MALE","FEMALE","FEMALE","MALE","FEMALE","FEMALE","MALE","MALE","FEMALE","MALE","MALE","MALE","FEMALE","FEMALE","FEMALE","MALE","MALE"],"X_CALENDAR_YEAR":["2008","2008","2008","2008","2008","2008","2008","2008","2008","2008","2009","2009","2009","2009","2009","2009","2009","2010","2010","2010","2010","2010","2010","2010"],"Y_PREVALENCE_1000PP":[0.44228,0.30469,0.25088,0.1288,0.64851,0.06978,0.45162,0.17179,0.06961,0.1392,0.29922,0.13766,0.23245,0.08532,0.10461,0.2016,0.11248,0.2916,0.16311,0.06502,0.17986,0.09473,0.10323,0.63331]},"PREVALENCE_BY_MONTH":{"X_CALENDAR_MONTH":["200901","201001"],"Y_PREVALENCE_1000PP":[0.02764,0.00934]},"CONDITIONS_BY_TYPE":{"CONCEPT_NAME":[],"COUNT_VALUE":[]},"AGE_AT_FIRST_DIAGNOSIS":{"CATEGORY":["FEMALE","MALE"],"MIN_VALUE":[52,44],"P10_VALUE":[67,53],"P25_VALUE":[69,60],"MEDIAN_VALUE":[75,77],"P75_VALUE":[84,80],"P90_VALUE":[86,88],"MAX_VALUE":[90,97]}}
