{"PREVALENCE_BY_GENDER_AGE_YEAR":{"TRELLIS_NAME":["60-69","70-79","80-89","70-79","80-89","50-59","70-79","80-89","70-79","90-99","90-99","50-59","90-99","90-99"],"SERIES_NAME":["FEMALE","FEMALE","FEMALE","MALE","MALE","MALE","MALE","FEMALE","FEMALE","FEMALE","MALE","MALE","MALE","FEMALE"],"X_CALENDAR_YEAR":["2008","2008","2008","2008","2008","2009","2009","2009","2009","2009","2009","2010","2010","2010"],"Y_PREVALENCE_1000PP":[0.0644,0.0928,0.06961,0.05726,0.11291,0.29922,0.11248,0.2016,0.04589,0.21782,0.52219,0.31666,0.42445,0.19102]},"PREVALENCE_BY_MONTH":{"X_CALENDAR_MONTH":[],"Y_PREVALENCE_1000PP":[]},"CONDITIONS_BY_TYPE":{"CONCEPT_NAME":[],"COUNT_VALUE":[]},"AGE_AT_FIRST_DIAGNOSIS":{"CATEGORY":["FEMALE","MALE"],"MIN_VALUE":[65,50],"P10_VALUE":[65,50],"P25_VALUE":[76,51],"MEDIAN_VALUE":[80,74],"P75_VALUE":[88,88],"P90_VALUE":[97,98],"MAX_VALUE":[99,98]}}
