{"PREVALENCE_BY_GENDER_AGE_YEAR":{"TRELLIS_NAME":["60-69","60-69","70-79","80-89","80-89","70-79","60-69","30-39","60-69","70-79","70-79","90-99","50-59","100-109","50-59","60-69","70-79","70-79","30-39","90-99"],"SERIES_NAME":["MALE","FEMALE","FEMALE","FEMALE","MALE","MALE","MALE","MALE","FEMALE","MALE","FEMALE","FEMALE","FEMALE","FEMALE","MALE","MALE","MALE","FEMALE","MALE","MALE"],"X_CALENDAR_YEAR":["2008","2008","2008","2008","2008","2008","2009","2009","2009","2009","2009","2009","2010","2010","2010","2010","2010","2010","2010","2010"],"Y_PREVALENCE_1000PP":[0.06978,0.0644,0.0928,0.13922,0.11291,0.11453,0.17065,0.97943,0.07748,0.11248,0.27532,0.65345,0.33887,1.2837,0.31666,0.10323,0.05437,0.13489,1.04493,0.42445]},"PREVALENCE_BY_MONTH":{"X_CALENDAR_MONTH":["200901","201001"],"Y_PREVALENCE_1000PP":[0.01842,0.00934]},"CONDITIONS_BY_TYPE":{"CONCEPT_NAME":[],"COUNT_VALUE":[]},"AGE_AT_FIRST_DIAGNOSIS":{"CATEGORY":["FEMALE","MALE"],"MIN_VALUE":[53,37],"P10_VALUE":[69,37],"P25_VALUE":[71,60],"MEDIAN_VALUE":[76,67],"P75_VALUE":[84,74],"P90_VALUE":[91,88],"MAX_VALUE":[100,90]}}
