{"PREVALENCE_BY_GENDER_AGE_YEAR":{"TRELLIS_NAME":["60-69","60-69"],"SERIES_NAME":["FEMALE","MALE"],"X_CALENDAR_YEAR":["2009","2009"],"Y_PREVALENCE_1000PP":[0.07748,0.08532]},"PREVALENCE_BY_MONTH":{"X_CALENDAR_MONTH":"200901","Y_PREVALENCE_1000PP":0.00921},"CONDITIONS_BY_TYPE":{"CONCEPT_NAME":[],"COUNT_VALUE":[]},"AGE_AT_FIRST_DIAGNOSIS":{"CATEGORY":["FEMALE","MALE"],"MIN_VALUE":[66,69],"P10_VALUE":[66,69],"P25_VALUE":[66,69],"MEDIAN_VALUE":[66,69],"P75_VALUE":[66,69],"P90_VALUE":[66,69],"MAX_VALUE":[66,69]}}
