{"PREVALENCE_BY_GENDER_AGE_YEAR":{"TRELLIS_NAME":["70-79","80-89","40-49","90-99","70-79"],"SERIES_NAME":["FEMALE","FEMALE","FEMALE","FEMALE","MALE"],"X_CALENDAR_YEAR":["2008","2008","2009","2010","2010"],"Y_PREVALENCE_1000PP":[0.0464,0.06961,0.53333,0.19102,0.05437]},"PREVALENCE_BY_MONTH":{"X_CALENDAR_MONTH":["200801","200901"],"Y_PREVALENCE_1000PP":[0.00895,0.00921]},"CONDITIONS_BY_TYPE":{"CONCEPT_NAME":[],"COUNT_VALUE":[]},"AGE_AT_FIRST_DIAGNOSIS":{"CATEGORY":["FEMALE","MALE"],"MIN_VALUE":[48,78],"P10_VALUE":[48,78],"P25_VALUE":[48,78],"MEDIAN_VALUE":[72,78],"P75_VALUE":[89,78],"P90_VALUE":[90,78],"MAX_VALUE":[90,78]}}
