{"PREVALENCE_BY_GENDER_AGE_YEAR":{"TRELLIS_NAME":["30-39","30-39","50-59","70-79","80-89","70-79","80-89","60-69","60-69","90-99","60-69","80-89","70-79","40-49","60-69","80-89","30-39","90-99","70-79","50-59","50-59","40-49","60-69","70-79","80-89","70-79","80-89","50-59"],"SERIES_NAME":["MALE","FEMALE","FEMALE","MALE","MALE","FEMALE","FEMALE","MALE","FEMALE","FEMALE","FEMALE","FEMALE","FEMALE","MALE","MALE","MALE","MALE","MALE","MALE","MALE","FEMALE","FEMALE","FEMALE","MALE","MALE","FEMALE","FEMALE","MALE"],"X_CALENDAR_YEAR":["2008","2008","2008","2008","2008","2008","2008","2008","2008","2008","2009","2009","2009","2009","2009","2009","2009","2009","2009","2009","2009","2009","2010","2010","2010","2010","2010","2010"],"Y_PREVALENCE_1000PP":[0.86957,1.03199,0.60938,0.11453,0.11291,0.0464,0.27844,0.13956,0.2576,0.25088,0.23245,0.5376,0.27532,0.49188,0.08532,0.20923,1.95886,0.52219,0.2812,0.59844,0.31939,0.53333,0.09473,0.10874,0.0972,0.08993,0.06502,0.63331]},"PREVALENCE_BY_MONTH":{"X_CALENDAR_MONTH":["200901","201001"],"Y_PREVALENCE_1000PP":[0.03685,0.01867]},"CONDITIONS_BY_TYPE":{"CONCEPT_NAME":[],"COUNT_VALUE":[]},"AGE_AT_FIRST_DIAGNOSIS":{"CATEGORY":["FEMALE","MALE"],"MIN_VALUE":[34,31],"P10_VALUE":[58,39],"P25_VALUE":[66,58],"MEDIAN_VALUE":[76,72],"P75_VALUE":[83,78],"P90_VALUE":[85,86],"MAX_VALUE":[93,90]}}
