{"PREVALENCE_BY_GENDER_AGE_YEAR":{"TRELLIS_NAME":["50-59","70-79","60-69","80-89","70-79","80-89","60-69","30-39","90-99","70-79","80-89","80-89","70-79","60-69","60-69","40-49","30-39","60-69","90-99","50-59","40-49","90-99","70-79","70-79","80-89"],"SERIES_NAME":["FEMALE","MALE","FEMALE","FEMALE","FEMALE","MALE","MALE","FEMALE","FEMALE","FEMALE","FEMALE","MALE","MALE","FEMALE","MALE","FEMALE","FEMALE","MALE","MALE","MALE","MALE","FEMALE","MALE","FEMALE","FEMALE"],"X_CALENDAR_YEAR":["2008","2008","2008","2008","2008","2008","2008","2008","2008","2009","2009","2009","2009","2009","2009","2009","2009","2010","2010","2010","2010","2010","2010","2010","2010"],"Y_PREVALENCE_1000PP":[0.30469,0.11453,0.2576,0.48726,0.2784,0.56453,0.20934,1.03199,0.25088,0.09177,0.1344,0.20923,0.22496,0.15497,0.17065,0.53333,1.12233,0.20646,0.42445,0.31666,0.53648,0.38204,0.16311,0.26978,0.26009]},"PREVALENCE_BY_MONTH":{"X_CALENDAR_MONTH":["200801","200901","201001"],"Y_PREVALENCE_1000PP":[0.01791,0.00921,0.04669]},"CONDITIONS_BY_TYPE":{"CONCEPT_NAME":[],"COUNT_VALUE":[]},"AGE_AT_FIRST_DIAGNOSIS":{"CATEGORY":["FEMALE","MALE"],"MIN_VALUE":[35,41],"P10_VALUE":[54,62],"P25_VALUE":[69,66],"MEDIAN_VALUE":[76,74],"P75_VALUE":[83,80],"P90_VALUE":[88,85],"MAX_VALUE":[97,95]}}
