{"PREVALENCE_BY_GENDER_AGE_YEAR":{"TRELLIS_NAME":["30-39","40-49","70-79","70-79","70-79","80-89","90-99","60-69","30-39","60-69","80-89","70-79","80-89"],"SERIES_NAME":["MALE","FEMALE","MALE","MALE","FEMALE","FEMALE","FEMALE","MALE","MALE","MALE","MALE","FEMALE","FEMALE"],"X_CALENDAR_YEAR":["2008","2008","2008","2009","2009","2009","2009","2009","2010","2010","2010","2010","2010"],"Y_PREVALENCE_1000PP":[0.86957,0.49727,0.05726,0.22496,0.13766,0.336,0.21782,0.08532,1.04493,0.10323,0.1944,0.04496,0.13005]},"PREVALENCE_BY_MONTH":{"X_CALENDAR_MONTH":["200901","201001"],"Y_PREVALENCE_1000PP":[0.01842,0.00934]},"CONDITIONS_BY_TYPE":{"CONCEPT_NAME":[],"COUNT_VALUE":[]},"AGE_AT_FIRST_DIAGNOSIS":{"CATEGORY":["FEMALE","MALE"],"MIN_VALUE":[45,30],"P10_VALUE":[70,31],"P25_VALUE":[73,66],"MEDIAN_VALUE":[80,72],"P75_VALUE":[82,77],"P90_VALUE":[85,85],"MAX_VALUE":[95,85]}}
