{"PREVALENCE_BY_GENDER_AGE_YEAR":{"TRELLIS_NAME":["60-69","80-89","30-39","70-79","80-89"],"SERIES_NAME":["FEMALE","FEMALE","MALE","MALE","MALE"],"X_CALENDAR_YEAR":["2008","2008","2009","2009","2010"],"Y_PREVALENCE_1000PP":[0.0644,0.06961,0.97943,0.05624,0.0972]},"PREVALENCE_BY_MONTH":{"X_CALENDAR_MONTH":"200801","Y_PREVALENCE_1000PP":0.00895},"CONDITIONS_BY_TYPE":{"CONCEPT_NAME":[],"COUNT_VALUE":[]},"AGE_AT_FIRST_DIAGNOSIS":{"CATEGORY":["FEMALE","MALE"],"MIN_VALUE":[65,34],"P10_VALUE":[65,34],"P25_VALUE":[65,34],"MEDIAN_VALUE":[65,75],"P75_VALUE":[81,84],"P90_VALUE":[81,84],"MAX_VALUE":[81,84]}}
