{"PREVALENCE_BY_GENDER_AGE_YEAR":{"TRELLIS_NAME":["30-39","70-79","70-79","80-89","60-69","90-99","60-69","40-49","100-109","40-49","70-79"],"SERIES_NAME":["MALE","FEMALE","FEMALE","FEMALE","FEMALE","FEMALE","MALE","FEMALE","FEMALE","FEMALE","FEMALE"],"X_CALENDAR_YEAR":["2008","2008","2009","2009","2009","2009","2009","2009","2010","2010","2010"],"Y_PREVALENCE_1000PP":[0.86957,0.0464,0.04589,0.0672,0.07748,0.21782,0.08532,0.53333,1.2837,0.58241,0.04496]},"PREVALENCE_BY_MONTH":{"X_CALENDAR_MONTH":"200901","Y_PREVALENCE_1000PP":0.00921},"CONDITIONS_BY_TYPE":{"CONCEPT_NAME":[],"COUNT_VALUE":[]},"AGE_AT_FIRST_DIAGNOSIS":{"CATEGORY":["FEMALE","MALE"],"MIN_VALUE":[40,31],"P10_VALUE":[40,31],"P25_VALUE":[69,31],"MEDIAN_VALUE":[71,31],"P75_VALUE":[80,66],"P90_VALUE":[101,66],"MAX_VALUE":[101,66]}}
