{"PREVALENCE_BY_GENDER_AGE_YEAR":{"TRELLIS_NAME":["30-39","70-79","80-89","70-79","60-69","60-69","90-99","70-79","90-99","80-89","60-69","70-79","60-69","60-69","90-99","70-79","80-89","70-79"],"SERIES_NAME":["MALE","FEMALE","FEMALE","MALE","MALE","FEMALE","FEMALE","FEMALE","FEMALE","FEMALE","FEMALE","MALE","MALE","FEMALE","FEMALE","FEMALE","FEMALE","MALE"],"X_CALENDAR_YEAR":["2008","2008","2008","2008","2008","2008","2008","2009","2009","2009","2009","2009","2009","2010","2010","2010","2010","2010"],"Y_PREVALENCE_1000PP":[0.86957,0.0464,0.13922,0.11453,0.06978,0.0644,0.50176,0.09177,0.43563,0.1344,0.07748,0.05624,0.08532,0.18947,0.19102,0.08993,0.19507,0.10874]},"PREVALENCE_BY_MONTH":{"X_CALENDAR_MONTH":["200901","201001"],"Y_PREVALENCE_1000PP":[0.00921,0.01867]},"CONDITIONS_BY_TYPE":{"CONCEPT_NAME":[],"COUNT_VALUE":[]},"AGE_AT_FIRST_DIAGNOSIS":{"CATEGORY":["FEMALE","MALE"],"MIN_VALUE":[64,36],"P10_VALUE":[67,36],"P25_VALUE":[73,65],"MEDIAN_VALUE":[84,73],"P75_VALUE":[89,77],"P90_VALUE":[99,79],"MAX_VALUE":[99,79]}}
