{"PREVALENCE_BY_GENDER_AGE_YEAR":{"TRELLIS_NAME":["80-89","70-79","80-89","70-79","60-69","50-59","70-79","80-89","70-79","60-69","60-69","50-59","80-89","70-79","50-59","80-89","50-59","70-79","80-89","60-69"],"SERIES_NAME":["FEMALE","FEMALE","MALE","MALE","FEMALE","FEMALE","MALE","FEMALE","FEMALE","MALE","FEMALE","MALE","MALE","MALE","MALE","MALE","FEMALE","FEMALE","FEMALE","FEMALE"],"X_CALENDAR_YEAR":["2008","2008","2008","2008","2008","2008","2009","2009","2009","2009","2009","2009","2009","2010","2010","2010","2010","2010","2010","2010"],"Y_PREVALENCE_1000PP":[0.27844,0.3248,0.22581,0.05726,0.1932,0.30469,0.2812,0.2016,0.3212,0.3413,0.54238,0.29922,0.31384,0.21747,0.63331,0.3888,0.33887,0.17986,0.26009,0.18947]},"PREVALENCE_BY_MONTH":{"X_CALENDAR_MONTH":["200801","200901","201001"],"Y_PREVALENCE_1000PP":[0.03582,0.02764,0.03735]},"CONDITIONS_BY_TYPE":{"CONCEPT_NAME":[],"COUNT_VALUE":[]},"AGE_AT_FIRST_DIAGNOSIS":{"CATEGORY":["FEMALE","MALE"],"MIN_VALUE":[51,55],"P10_VALUE":[64,58],"P25_VALUE":[68,68],"MEDIAN_VALUE":[75,75],"P75_VALUE":[80,82],"P90_VALUE":[84,84],"MAX_VALUE":[88,88]}}
