{"PREVALENCE_BY_GENDER_AGE_YEAR":{"TRELLIS_NAME":["80-89","70-79","70-79","80-89","60-69","90-99","100-109","50-59","90-99","70-79","60-69","70-79","80-89","60-69","70-79","40-49","80-89","70-79"],"SERIES_NAME":["FEMALE","FEMALE","MALE","MALE","FEMALE","FEMALE","FEMALE","FEMALE","FEMALE","MALE","MALE","FEMALE","MALE","FEMALE","MALE","FEMALE","FEMALE","FEMALE"],"X_CALENDAR_YEAR":["2008","2008","2008","2008","2008","2008","2009","2009","2009","2009","2009","2009","2009","2010","2010","2010","2010","2010"],"Y_PREVALENCE_1000PP":[0.20883,0.0928,0.17179,0.11291,0.1932,0.25088,2.53807,0.95816,0.21782,0.16872,0.25597,0.18355,0.10461,0.09473,0.16311,0.58241,0.06502,0.17986]},"PREVALENCE_BY_MONTH":{"X_CALENDAR_MONTH":["200901","201001"],"Y_PREVALENCE_1000PP":[0.00921,0.01867]},"CONDITIONS_BY_TYPE":{"CONCEPT_NAME":[],"COUNT_VALUE":[]},"AGE_AT_FIRST_DIAGNOSIS":{"CATEGORY":["FEMALE","MALE"],"MIN_VALUE":[41,66],"P10_VALUE":[57,68],"P25_VALUE":[69,71],"MEDIAN_VALUE":[73,72],"P75_VALUE":[80,76],"P90_VALUE":[94,81],"MAX_VALUE":[100,85]}}
