{"PREVALENCE_BY_GENDER_AGE_YEAR":{"TRELLIS_NAME":["40-49","30-39","40-49","90-99","60-69","80-89","70-79","80-89","70-79","70-79","80-89","70-79","80-89","60-69","90-99","60-69","50-59","40-49","50-59","60-69","100-109","80-89","70-79","80-89"],"SERIES_NAME":["FEMALE","FEMALE","MALE","FEMALE","FEMALE","FEMALE","FEMALE","MALE","MALE","MALE","MALE","FEMALE","FEMALE","FEMALE","FEMALE","MALE","MALE","MALE","FEMALE","FEMALE","FEMALE","MALE","FEMALE","FEMALE"],"X_CALENDAR_YEAR":["2008","2008","2008","2008","2008","2008","2008","2008","2008","2009","2009","2009","2009","2009","2009","2009","2009","2009","2009","2010","2010","2010","2010","2010"],"Y_PREVALENCE_1000PP":[0.49727,1.03199,0.44228,0.25088,0.1288,0.13922,0.232,0.11291,0.34358,0.22496,0.10461,0.09177,0.4032,0.15497,0.21782,0.25597,0.59844,0.49188,0.31939,0.09473,1.2837,0.2916,0.26978,0.26009]},"PREVALENCE_BY_MONTH":{"X_CALENDAR_MONTH":["200801","200901"],"Y_PREVALENCE_1000PP":[0.01791,0.01842]},"CONDITIONS_BY_TYPE":{"CONCEPT_NAME":[],"COUNT_VALUE":[]},"AGE_AT_FIRST_DIAGNOSIS":{"CATEGORY":["FEMALE","MALE"],"MIN_VALUE":[31,45],"P10_VALUE":[66,58],"P25_VALUE":[70,68],"MEDIAN_VALUE":[77,75],"P75_VALUE":[82,79],"P90_VALUE":[88,81],"MAX_VALUE":[101,83]}}
