{"PREVALENCE_BY_GENDER_AGE_YEAR":{"TRELLIS_NAME":["60-69","90-99","60-69","70-79","80-89","70-79","50-59","50-59","50-59","50-59","60-69","70-79","80-89","90-99","70-79","60-69","80-89","60-69","70-79","80-89","70-79","80-89","50-59"],"SERIES_NAME":["MALE","FEMALE","FEMALE","FEMALE","MALE","MALE","MALE","FEMALE","FEMALE","MALE","MALE","MALE","MALE","FEMALE","FEMALE","FEMALE","FEMALE","FEMALE","MALE","MALE","FEMALE","FEMALE","FEMALE"],"X_CALENDAR_YEAR":["2008","2008","2008","2008","2008","2008","2008","2008","2009","2009","2009","2009","2009","2009","2009","2009","2009","2010","2010","2010","2010","2010","2010"],"Y_PREVALENCE_1000PP":[0.06978,0.25088,0.1932,0.0928,0.22581,0.05726,0.27518,0.30469,0.31939,0.29922,0.08532,0.11248,0.20923,0.43563,0.09177,0.15497,0.2016,0.2842,0.05437,0.0972,0.08993,0.06502,0.33887]},"PREVALENCE_BY_MONTH":{"X_CALENDAR_MONTH":"200901","Y_PREVALENCE_1000PP":0.02764},"CONDITIONS_BY_TYPE":{"CONCEPT_NAME":[],"COUNT_VALUE":[]},"AGE_AT_FIRST_DIAGNOSIS":{"CATEGORY":["FEMALE","MALE"],"MIN_VALUE":[54,54],"P10_VALUE":[59,59],"P25_VALUE":[64,69],"MEDIAN_VALUE":[70,72],"P75_VALUE":[80,85],"P90_VALUE":[92,89],"MAX_VALUE":[99,89]}}
