{"PREVALENCE_BY_GENDER_AGE_YEAR":{"TRELLIS_NAME":["80-89","70-79","80-89","70-79","40-49","50-59","70-79","70-79","60-69","80-89","70-79","80-89","70-79","60-69","60-69","50-59"],"SERIES_NAME":["MALE","MALE","FEMALE","FEMALE","FEMALE","FEMALE","FEMALE","MALE","MALE","MALE","MALE","FEMALE","FEMALE","MALE","FEMALE","FEMALE"],"X_CALENDAR_YEAR":["2008","2008","2008","2008","2008","2009","2009","2009","2009","2010","2010","2010","2010","2010","2010","2010"],"Y_PREVALENCE_1000PP":[0.22581,0.05726,0.06961,0.0464,0.49727,0.31939,0.13766,0.05624,0.08532,0.1944,0.05437,0.06502,0.04496,0.10323,0.09473,0.67774]},"PREVALENCE_BY_MONTH":{"X_CALENDAR_MONTH":"201001","Y_PREVALENCE_1000PP":0.00934},"CONDITIONS_BY_TYPE":{"CONCEPT_NAME":[],"COUNT_VALUE":[]},"AGE_AT_FIRST_DIAGNOSIS":{"CATEGORY":["FEMALE","MALE"],"MIN_VALUE":[46,60],"P10_VALUE":[52,60],"P25_VALUE":[54,71],"MEDIAN_VALUE":[72,76],"P75_VALUE":[79,81],"P90_VALUE":[84,87],"MAX_VALUE":[85,87]}}
