{"PREVALENCE_BY_GENDER_AGE_YEAR":{"TRELLIS_NAME":["80-89","70-79","70-79","90-99","60-69","90-99","60-69","100-109","50-59","50-59","60-69","70-79","80-89","70-79","90-99","60-69","80-89","90-99","80-89","60-69","70-79","50-59","80-89","70-79"],"SERIES_NAME":["FEMALE","FEMALE","MALE","MALE","MALE","FEMALE","FEMALE","FEMALE","FEMALE","MALE","FEMALE","MALE","MALE","FEMALE","MALE","MALE","FEMALE","FEMALE","MALE","FEMALE","MALE","FEMALE","FEMALE","FEMALE"],"X_CALENDAR_YEAR":["2008","2008","2008","2008","2008","2008","2008","2009","2009","2009","2009","2009","2009","2009","2009","2009","2009","2009","2010","2010","2010","2010","2010","2010"],"Y_PREVALENCE_1000PP":[0.20883,0.0464,0.34358,1.29702,0.41867,0.25088,0.0644,2.53807,0.31939,0.89767,0.15497,0.11248,0.31384,0.50475,1.04439,0.17065,0.0672,0.65345,0.1944,0.09473,0.10874,0.33887,0.13005,0.08993]},"PREVALENCE_BY_MONTH":{"X_CALENDAR_MONTH":["200801","200901"],"Y_PREVALENCE_1000PP":[0.01791,0.02764]},"CONDITIONS_BY_TYPE":{"CONCEPT_NAME":[],"COUNT_VALUE":[]},"AGE_AT_FIRST_DIAGNOSIS":{"CATEGORY":["FEMALE","MALE"],"MIN_VALUE":[57,52],"P10_VALUE":[61,63],"P25_VALUE":[72,67],"MEDIAN_VALUE":[75,74],"P75_VALUE":[85,81],"P90_VALUE":[91,90],"MAX_VALUE":[100,97]}}
