{"PREVALENCE_BY_GENDER_AGE_YEAR":{"TRELLIS_NAME":["80-89","70-79","80-89","70-79","60-69","60-69","30-39","60-69","70-79","80-89","70-79","80-89","90-99","30-39","70-79","70-79"],"SERIES_NAME":["FEMALE","FEMALE","MALE","MALE","MALE","FEMALE","MALE","FEMALE","MALE","MALE","FEMALE","FEMALE","MALE","MALE","FEMALE","MALE"],"X_CALENDAR_YEAR":["2008","2008","2008","2008","2008","2008","2009","2009","2009","2009","2009","2009","2010","2010","2010","2010"],"Y_PREVALENCE_1000PP":[0.06961,0.0928,0.11291,0.05726,0.06978,0.1288,0.97943,0.07748,0.16872,0.10461,0.13766,0.0672,0.42445,1.04493,0.13489,0.05437]},"PREVALENCE_BY_MONTH":{"X_CALENDAR_MONTH":["200901","201001"],"Y_PREVALENCE_1000PP":[0.01842,0.00934]},"CONDITIONS_BY_TYPE":{"CONCEPT_NAME":[],"COUNT_VALUE":[]},"AGE_AT_FIRST_DIAGNOSIS":{"CATEGORY":["FEMALE","MALE"],"MIN_VALUE":[68,38],"P10_VALUE":[68,39],"P25_VALUE":[70,65],"MEDIAN_VALUE":[74,77],"P75_VALUE":[77,82],"P90_VALUE":[81,88],"MAX_VALUE":[88,94]}}
