{"PREVALENCE_BY_GENDER_AGE_YEAR":{"TRELLIS_NAME":["60-69","60-69","70-79","80-89","40-49","70-79","60-69","50-59","50-59","80-89","60-69","70-79","80-89","90-99","70-79","80-89","30-39","70-79"],"SERIES_NAME":["MALE","FEMALE","FEMALE","FEMALE","FEMALE","MALE","FEMALE","FEMALE","MALE","FEMALE","MALE","MALE","MALE","MALE","MALE","FEMALE","FEMALE","FEMALE"],"X_CALENDAR_YEAR":["2008","2008","2008","2008","2008","2008","2009","2009","2009","2009","2009","2009","2009","2010","2010","2010","2010","2010"],"Y_PREVALENCE_1000PP":[0.06978,0.0644,0.0928,0.27844,0.49727,0.11453,0.15497,0.31939,0.29922,0.4032,0.08532,0.11248,0.20923,0.42445,0.10874,0.06502,1.19048,0.04496]},"PREVALENCE_BY_MONTH":{"X_CALENDAR_MONTH":["200901","201001"],"Y_PREVALENCE_1000PP":[0.00921,0.01867]},"CONDITIONS_BY_TYPE":{"CONCEPT_NAME":[],"COUNT_VALUE":[]},"AGE_AT_FIRST_DIAGNOSIS":{"CATEGORY":["FEMALE","MALE"],"MIN_VALUE":[31,58],"P10_VALUE":[46,67],"P25_VALUE":[68,68],"MEDIAN_VALUE":[81,73],"P75_VALUE":[83,79],"P90_VALUE":[85,85],"MAX_VALUE":[88,90]}}
