{"PREVALENCE_BY_GENDER_AGE_YEAR":{"TRELLIS_NAME":["30-39","50-59","70-79","70-79","80-89","60-69","60-69","60-69","80-89","70-79","70-79","50-59","40-49","40-49","40-49","30-39","70-79"],"SERIES_NAME":["MALE","FEMALE","MALE","FEMALE","FEMALE","MALE","MALE","FEMALE","FEMALE","FEMALE","MALE","FEMALE","FEMALE","MALE","FEMALE","MALE","FEMALE"],"X_CALENDAR_YEAR":["2008","2008","2008","2008","2008","2008","2009","2009","2009","2009","2009","2009","2009","2009","2010","2010","2010"],"Y_PREVALENCE_1000PP":[0.86957,0.30469,0.05726,0.0464,0.13922,0.13956,0.08532,0.15497,0.0672,0.04589,0.11248,0.31939,0.53333,0.49188,0.58241,1.04493,0.04496]},"PREVALENCE_BY_MONTH":{"X_CALENDAR_MONTH":["200801","200901","201001"],"Y_PREVALENCE_1000PP":[0.00895,0.01842,0.00934]},"CONDITIONS_BY_TYPE":{"CONCEPT_NAME":[],"COUNT_VALUE":[]},"AGE_AT_FIRST_DIAGNOSIS":{"CATEGORY":["FEMALE","MALE"],"MIN_VALUE":[41,30],"P10_VALUE":[47,30],"P25_VALUE":[52,40],"MEDIAN_VALUE":[69,67],"P75_VALUE":[75,71],"P90_VALUE":[85,76],"MAX_VALUE":[88,76]}}
