{"PREVALENCE_BY_GENDER_AGE_YEAR":{"TRELLIS_NAME":["70-79","40-49","80-89","70-79","70-79","70-79","70-79"],"SERIES_NAME":["FEMALE","FEMALE","MALE","MALE","FEMALE","FEMALE","MALE"],"X_CALENDAR_YEAR":["2008","2009","2009","2009","2009","2010","2010"],"Y_PREVALENCE_1000PP":[0.0464,0.53333,0.10461,0.05624,0.04589,0.04496,0.05437]},"PREVALENCE_BY_MONTH":{"X_CALENDAR_MONTH":[],"Y_PREVALENCE_1000PP":[]},"CONDITIONS_BY_TYPE":{"CONCEPT_NAME":[],"COUNT_VALUE":[]},"AGE_AT_FIRST_DIAGNOSIS":{"CATEGORY":["FEMALE","MALE"],"MIN_VALUE":[43,79],"P10_VALUE":[43,79],"P25_VALUE":[43,79],"MEDIAN_VALUE":[70,79],"P75_VALUE":[70,84],"P90_VALUE":[76,84],"MAX_VALUE":[76,84]}}
