{"PREVALENCE_BY_GENDER_AGE_YEAR":{"TRELLIS_NAME":["80-89","70-79","50-59","80-89","50-59","70-79","90-99","60-69","80-89","50-59","70-79","80-89","60-69","70-79","60-69","50-59","50-59","70-79","80-89","70-79","80-89","60-69","90-99","60-69","90-99"],"SERIES_NAME":["MALE","MALE","MALE","FEMALE","FEMALE","FEMALE","FEMALE","MALE","MALE","FEMALE","FEMALE","FEMALE","FEMALE","MALE","MALE","MALE","FEMALE","FEMALE","FEMALE","MALE","MALE","MALE","MALE","FEMALE","FEMALE"],"X_CALENDAR_YEAR":["2008","2008","2008","2008","2008","2008","2008","2008","2009","2009","2009","2009","2009","2009","2009","2010","2010","2010","2010","2010","2010","2010","2010","2010","2010"],"Y_PREVALENCE_1000PP":[0.11291,0.11453,0.55036,0.13922,0.60938,0.0928,0.25088,0.20934,0.31384,0.31939,0.22943,0.2688,0.23245,0.11248,0.08532,0.31666,0.33887,0.08993,0.19507,0.21747,0.2916,0.10323,0.42445,0.18947,0.38204]},"PREVALENCE_BY_MONTH":{"X_CALENDAR_MONTH":["200801","200901","201001"],"Y_PREVALENCE_1000PP":[0.02686,0.00921,0.02801]},"CONDITIONS_BY_TYPE":{"CONCEPT_NAME":[],"COUNT_VALUE":[]},"AGE_AT_FIRST_DIAGNOSIS":{"CATEGORY":["FEMALE","MALE"],"MIN_VALUE":[53,51],"P10_VALUE":[58,59],"P25_VALUE":[67,64],"MEDIAN_VALUE":[73,72],"P75_VALUE":[85,83],"P90_VALUE":[89,84],"MAX_VALUE":[92,90]}}
