{"PREVALENCE_BY_GENDER_AGE_YEAR":{"TRELLIS_NAME":["60-69","90-99","60-69","80-89","70-79","80-89","70-79","50-59","60-69","90-99","90-99","40-49","60-69","80-89","70-79","80-89","70-79","70-79","60-69","70-79","90-99","60-69","80-89","80-89"],"SERIES_NAME":["FEMALE","MALE","MALE","MALE","MALE","FEMALE","FEMALE","FEMALE","FEMALE","MALE","FEMALE","MALE","MALE","FEMALE","FEMALE","MALE","MALE","MALE","FEMALE","FEMALE","FEMALE","MALE","MALE","FEMALE"],"X_CALENDAR_YEAR":["2008","2008","2008","2008","2008","2008","2008","2008","2009","2009","2009","2009","2009","2009","2009","2009","2009","2010","2010","2010","2010","2010","2010","2010"],"Y_PREVALENCE_1000PP":[0.1288,1.29702,0.13956,0.22581,0.28632,0.20883,0.1392,0.60938,0.30993,0.52219,0.43563,0.49188,0.17065,0.336,0.27532,0.20923,0.16872,0.10874,0.09473,0.17986,0.19102,0.30969,0.1944,0.19507]},"PREVALENCE_BY_MONTH":{"X_CALENDAR_MONTH":["200901","201001"],"Y_PREVALENCE_1000PP":[0.01842,0.01867]},"CONDITIONS_BY_TYPE":{"CONCEPT_NAME":[],"COUNT_VALUE":[]},"AGE_AT_FIRST_DIAGNOSIS":{"CATEGORY":["FEMALE","MALE"],"MIN_VALUE":[57,47],"P10_VALUE":[67,66],"P25_VALUE":[69,67],"MEDIAN_VALUE":[75,74],"P75_VALUE":[83,81],"P90_VALUE":[89,90],"MAX_VALUE":[96,97]}}
