{"PREVALENCE_BY_GENDER_AGE_YEAR":{"TRELLIS_NAME":["50-59","50-59","60-69","90-99","60-69","70-79","70-79","80-89","60-69","90-99","60-69","70-79","80-89","70-79","80-89","50-59","70-79","70-79","60-69","90-99","60-69","50-59"],"SERIES_NAME":["FEMALE","MALE","FEMALE","FEMALE","MALE","MALE","FEMALE","FEMALE","FEMALE","FEMALE","MALE","MALE","MALE","FEMALE","FEMALE","MALE","MALE","FEMALE","FEMALE","FEMALE","MALE","MALE"],"X_CALENDAR_YEAR":["2008","2008","2008","2008","2008","2008","2008","2008","2009","2009","2009","2009","2009","2009","2009","2009","2010","2010","2010","2010","2010","2010"],"Y_PREVALENCE_1000PP":[0.30469,0.27518,0.0644,0.25088,0.06978,0.22906,0.0928,0.06961,0.07748,0.21782,0.08532,0.22496,0.20923,0.18355,0.2016,0.29922,0.10874,0.04496,0.09473,0.19102,0.10323,0.31666]},"PREVALENCE_BY_MONTH":{"X_CALENDAR_MONTH":["200901","201001"],"Y_PREVALENCE_1000PP":[0.00921,0.00934]},"CONDITIONS_BY_TYPE":{"CONCEPT_NAME":[],"COUNT_VALUE":[]},"AGE_AT_FIRST_DIAGNOSIS":{"CATEGORY":["FEMALE","MALE"],"MIN_VALUE":[59,50],"P10_VALUE":[65,55],"P25_VALUE":[70,67],"MEDIAN_VALUE":[75,71],"P75_VALUE":[82,75],"P90_VALUE":[92,84],"MAX_VALUE":[97,85]}}
