{"PREVALENCE_BY_GENDER_AGE_YEAR":{"TRELLIS_NAME":["70-79","60-69","80-89","70-79","100-109","90-99","50-59","60-69","70-79","80-89"],"SERIES_NAME":["MALE","FEMALE","FEMALE","FEMALE","MALE","FEMALE","FEMALE","FEMALE","FEMALE","MALE"],"X_CALENDAR_YEAR":["2008","2008","2008","2008","2009","2009","2010","2010","2010","2010"],"Y_PREVALENCE_1000PP":[0.05726,0.0644,0.20883,0.0464,7.63359,0.21782,0.33887,0.09473,0.04496,0.0972]},"PREVALENCE_BY_MONTH":{"X_CALENDAR_MONTH":[],"Y_PREVALENCE_1000PP":[]},"CONDITIONS_BY_TYPE":{"CONCEPT_NAME":[],"COUNT_VALUE":[]},"AGE_AT_FIRST_DIAGNOSIS":{"CATEGORY":["FEMALE","MALE"],"MIN_VALUE":[59,72],"P10_VALUE":[59,72],"P25_VALUE":[68,72],"MEDIAN_VALUE":[73,84],"P75_VALUE":[84,100],"P90_VALUE":[91,100],"MAX_VALUE":[91,100]}}
