{"PREVALENCE_BY_GENDER_AGE_YEAR":{"TRELLIS_NAME":["90-99","40-49","60-69","60-69","80-89","70-79","80-89","70-79","40-49","50-59","50-59","70-79","50-59","60-69","80-89","40-49","70-79","40-49","80-89","30-39","60-69","50-59","50-59","80-89","70-79","80-89","70-79","90-99","60-69","60-69"],"SERIES_NAME":["FEMALE","FEMALE","FEMALE","MALE","MALE","MALE","FEMALE","FEMALE","MALE","FEMALE","MALE","FEMALE","MALE","MALE","FEMALE","MALE","MALE","FEMALE","MALE","FEMALE","FEMALE","FEMALE","MALE","MALE","MALE","FEMALE","FEMALE","FEMALE","MALE","FEMALE"],"X_CALENDAR_YEAR":["2008","2008","2008","2008","2008","2008","2008","2008","2008","2008","2008","2009","2009","2009","2009","2009","2009","2009","2009","2009","2009","2010","2010","2010","2010","2010","2010","2010","2010","2010"],"Y_PREVALENCE_1000PP":[0.50176,0.99453,0.1288,0.34889,0.45162,0.40085,0.62648,0.41759,0.88456,0.30469,0.55036,0.45886,0.29922,0.42662,0.4704,0.49188,0.33744,1.06667,0.10461,2.24467,0.23245,0.33887,0.31666,0.3888,0.10874,0.26009,0.35971,0.19102,0.41292,0.2842]},"PREVALENCE_BY_MONTH":{"X_CALENDAR_MONTH":["200901","201001"],"Y_PREVALENCE_1000PP":[0.01842,0.02801]},"CONDITIONS_BY_TYPE":{"CONCEPT_NAME":[],"COUNT_VALUE":[]},"AGE_AT_FIRST_DIAGNOSIS":{"CATEGORY":["FEMALE","MALE"],"MIN_VALUE":[36,44],"P10_VALUE":[52,51],"P25_VALUE":[70,66],"MEDIAN_VALUE":[75,71],"P75_VALUE":[83,78],"P90_VALUE":[88,85],"MAX_VALUE":[99,88]}}
