{"PREVALENCE_BY_GENDER_AGE_YEAR":{"TRELLIS_NAME":["40-49","40-49","70-79","30-39","70-79","80-89","60-69","90-99","60-69","90-99","60-69","90-99","60-69","80-89","70-79","100-109","80-89","50-59","70-79","60-69","80-89","90-99","70-79","60-69","80-89","70-79"],"SERIES_NAME":["FEMALE","MALE","MALE","MALE","FEMALE","FEMALE","FEMALE","FEMALE","MALE","MALE","MALE","FEMALE","FEMALE","FEMALE","FEMALE","FEMALE","MALE","FEMALE","MALE","FEMALE","FEMALE","FEMALE","FEMALE","MALE","MALE","MALE"],"X_CALENDAR_YEAR":["2008","2008","2008","2008","2008","2008","2008","2008","2008","2009","2009","2009","2009","2009","2009","2009","2009","2009","2009","2010","2010","2010","2010","2010","2010","2010"],"Y_PREVALENCE_1000PP":[0.49727,0.88456,0.17179,0.86957,0.3248,0.41765,0.0644,0.75263,0.13956,0.52219,0.17065,0.43563,0.23245,0.2016,0.18355,2.53807,0.62768,0.63877,0.39368,0.09473,0.39014,0.19102,0.08993,0.30969,0.1944,0.16311]},"PREVALENCE_BY_MONTH":{"X_CALENDAR_MONTH":["200801","200901","201001"],"Y_PREVALENCE_1000PP":[0.00895,0.02764,0.04669]},"CONDITIONS_BY_TYPE":{"CONCEPT_NAME":[],"COUNT_VALUE":[]},"AGE_AT_FIRST_DIAGNOSIS":{"CATEGORY":["FEMALE","MALE"],"MIN_VALUE":[49,33],"P10_VALUE":[63,66],"P25_VALUE":[70,67],"MEDIAN_VALUE":[81,74],"P75_VALUE":[87,80],"P90_VALUE":[95,84],"MAX_VALUE":[100,96]}}
