{"PREVALENCE_BY_GENDER_AGE_YEAR":{"TRELLIS_NAME":["50-59","40-49","90-99","60-69","70-79","80-89","70-79","60-69","80-89","80-89","70-79","80-89","60-69","60-69","90-99","50-59","70-79","40-49","100-109","60-69","80-89","50-59","100-109","60-69","70-79","40-49","70-79","50-59"],"SERIES_NAME":["MALE","MALE","FEMALE","FEMALE","FEMALE","FEMALE","MALE","MALE","MALE","FEMALE","MALE","MALE","MALE","FEMALE","FEMALE","MALE","FEMALE","MALE","FEMALE","MALE","MALE","FEMALE","FEMALE","FEMALE","FEMALE","FEMALE","MALE","MALE"],"X_CALENDAR_YEAR":["2008","2008","2008","2008","2008","2008","2008","2008","2008","2009","2009","2009","2009","2009","2009","2009","2009","2009","2009","2010","2010","2010","2010","2010","2010","2010","2010","2010"],"Y_PREVALENCE_1000PP":[0.55036,0.44228,0.25088,0.5796,0.74239,0.20883,0.45811,0.41867,0.45162,0.4704,0.50616,0.62768,0.17065,0.54238,0.43563,0.59844,0.50475,0.49188,2.53807,0.10323,0.486,0.67774,1.2837,0.2842,0.13489,0.58241,0.32621,0.63331]},"PREVALENCE_BY_MONTH":{"X_CALENDAR_MONTH":["200801","200901","201001"],"Y_PREVALENCE_1000PP":[0.04477,0.03685,0.01867]},"CONDITIONS_BY_TYPE":{"CONCEPT_NAME":[],"COUNT_VALUE":[]},"AGE_AT_FIRST_DIAGNOSIS":{"CATEGORY":["FEMALE","MALE"],"MIN_VALUE":[45,40],"P10_VALUE":[66,53],"P25_VALUE":[68,68],"MEDIAN_VALUE":[72,73],"P75_VALUE":[79,80],"P90_VALUE":[89,83],"MAX_VALUE":[100,87]}}
