{"PREVALENCE_BY_GENDER_AGE_YEAR":{"TRELLIS_NAME":["60-69","60-69","90-99","70-79","70-79","80-89","50-59","60-69","80-89","70-79","80-89","60-69","70-79","90-99","60-69","80-89","70-79","70-79","50-59"],"SERIES_NAME":["MALE","FEMALE","FEMALE","FEMALE","MALE","MALE","FEMALE","MALE","MALE","MALE","FEMALE","FEMALE","FEMALE","FEMALE","FEMALE","MALE","MALE","FEMALE","MALE"],"X_CALENDAR_YEAR":["2008","2008","2008","2008","2008","2008","2008","2009","2009","2009","2009","2009","2009","2010","2010","2010","2010","2010","2010"],"Y_PREVALENCE_1000PP":[0.13956,0.1288,0.25088,0.0928,0.11453,0.22581,0.30469,0.08532,0.20923,0.05624,0.0672,0.07748,0.04589,0.38204,0.09473,0.0972,0.21747,0.13489,0.31666]},"PREVALENCE_BY_MONTH":{"X_CALENDAR_MONTH":["200801","200901","201001"],"Y_PREVALENCE_1000PP":[0.00895,0.00921,0.01867]},"CONDITIONS_BY_TYPE":{"CONCEPT_NAME":[],"COUNT_VALUE":[]},"AGE_AT_FIRST_DIAGNOSIS":{"CATEGORY":["FEMALE","MALE"],"MIN_VALUE":[53,55],"P10_VALUE":[66,61],"P25_VALUE":[69,66],"MEDIAN_VALUE":[73,75],"P75_VALUE":[80,81],"P90_VALUE":[92,84],"MAX_VALUE":[98,87]}}
