{"PREVALENCE_BY_GENDER_AGE_YEAR":{"TRELLIS_NAME":["80-89","70-79","90-99","80-89","80-89","70-79"],"SERIES_NAME":["FEMALE","MALE","FEMALE","MALE","FEMALE","MALE"],"X_CALENDAR_YEAR":["2008","2008","2008","2009","2009","2010"],"Y_PREVALENCE_1000PP":[0.06961,0.11453,0.25088,0.10461,0.0672,0.05437]},"PREVALENCE_BY_MONTH":{"X_CALENDAR_MONTH":"200801","Y_PREVALENCE_1000PP":0.00895},"CONDITIONS_BY_TYPE":{"CONCEPT_NAME":[],"COUNT_VALUE":[]},"AGE_AT_FIRST_DIAGNOSIS":{"CATEGORY":["FEMALE","MALE"],"MIN_VALUE":[81,70],"P10_VALUE":[81,70],"P25_VALUE":[81,70],"MEDIAN_VALUE":[85,77],"P75_VALUE":[97,78],"P90_VALUE":[97,88],"MAX_VALUE":[97,88]}}
