{"PREVALENCE_BY_GENDER_AGE_YEAR":{"TRELLIS_NAME":["80-89","70-79","60-69","80-89","70-79","90-99","60-69","50-59","80-89","70-79","80-89","50-59","50-59","60-69","40-49","60-69","90-99","70-79","30-39","40-49","90-99","60-69","80-89","30-39","40-49","50-59","70-79"],"SERIES_NAME":["MALE","MALE","MALE","FEMALE","FEMALE","FEMALE","FEMALE","FEMALE","MALE","MALE","FEMALE","MALE","FEMALE","MALE","FEMALE","FEMALE","FEMALE","FEMALE","MALE","MALE","FEMALE","MALE","MALE","FEMALE","FEMALE","FEMALE","FEMALE"],"X_CALENDAR_YEAR":["2008","2008","2008","2008","2008","2008","2008","2008","2009","2009","2009","2009","2009","2009","2009","2009","2009","2009","2009","2009","2010","2010","2010","2010","2010","2010","2010"],"Y_PREVALENCE_1000PP":[0.45162,0.28632,0.20934,0.27844,0.0464,0.25088,0.0644,0.30469,0.10461,0.2812,0.4032,0.29922,0.31939,0.08532,0.53333,0.30993,0.43563,0.18355,0.97943,0.49188,0.19102,0.30969,0.0972,1.19048,0.58241,0.33887,0.08993]},"PREVALENCE_BY_MONTH":{"X_CALENDAR_MONTH":["200801","200901"],"Y_PREVALENCE_1000PP":[0.01791,0.02764]},"CONDITIONS_BY_TYPE":{"CONCEPT_NAME":[],"COUNT_VALUE":[]},"AGE_AT_FIRST_DIAGNOSIS":{"CATEGORY":["FEMALE","MALE"],"MIN_VALUE":[38,39],"P10_VALUE":[54,55],"P25_VALUE":[66,68],"MEDIAN_VALUE":[76,72],"P75_VALUE":[84,79],"P90_VALUE":[89,85],"MAX_VALUE":[98,86]}}
