{"PREVALENCE_BY_GENDER_AGE_YEAR":{"TRELLIS_NAME":["90-99","60-69","80-89","70-79","70-79","50-59","40-49","70-79","70-79","80-89","50-59","60-69","60-69","50-59","70-79"],"SERIES_NAME":["FEMALE","FEMALE","FEMALE","FEMALE","MALE","MALE","MALE","FEMALE","MALE","FEMALE","FEMALE","MALE","FEMALE","MALE","MALE"],"X_CALENDAR_YEAR":["2008","2008","2008","2008","2008","2008","2008","2009","2009","2009","2009","2009","2010","2010","2010"],"Y_PREVALENCE_1000PP":[0.25088,0.1932,0.13922,0.0464,0.17179,0.55036,0.44228,0.09177,0.05624,0.2016,0.63877,0.25597,0.09473,0.31666,0.10874]},"PREVALENCE_BY_MONTH":{"X_CALENDAR_MONTH":["200801","200901","201001"],"Y_PREVALENCE_1000PP":[0.02686,0.00921,0.00934]},"CONDITIONS_BY_TYPE":{"CONCEPT_NAME":[],"COUNT_VALUE":[]},"AGE_AT_FIRST_DIAGNOSIS":{"CATEGORY":["FEMALE","MALE"],"MIN_VALUE":[54,48],"P10_VALUE":[57,50],"P25_VALUE":[63,53],"MEDIAN_VALUE":[77,68],"P75_VALUE":[85,74],"P90_VALUE":[87,77],"MAX_VALUE":[98,79]}}
