{"PREVALENCE_BY_GENDER_AGE_YEAR":{"TRELLIS_NAME":["50-59","30-39","40-49","60-69","60-69","40-49","90-99","70-79","80-89","80-89","70-79","90-99","70-79","60-69","40-49","80-89","90-99","70-79","50-59","80-89","60-69","80-89","70-79","80-89","70-79","90-99"],"SERIES_NAME":["MALE","FEMALE","MALE","FEMALE","MALE","FEMALE","MALE","MALE","FEMALE","MALE","FEMALE","FEMALE","MALE","FEMALE","FEMALE","FEMALE","MALE","FEMALE","FEMALE","MALE","MALE","FEMALE","FEMALE","MALE","MALE","MALE"],"X_CALENDAR_YEAR":["2008","2008","2008","2008","2008","2008","2008","2008","2008","2008","2008","2009","2009","2009","2009","2009","2009","2009","2009","2009","2009","2010","2010","2010","2010","2010"],"Y_PREVALENCE_1000PP":[0.27518,1.03199,0.44228,0.1932,0.20934,0.49727,0.64851,0.17179,0.34804,0.33872,0.232,0.43563,0.39368,0.23245,1.06667,0.4704,0.52219,0.13766,0.31939,0.20923,0.42662,0.19507,0.17986,0.1944,0.05437,0.42445]},"PREVALENCE_BY_MONTH":{"X_CALENDAR_MONTH":["200901","201001"],"Y_PREVALENCE_1000PP":[0.01842,0.00934]},"CONDITIONS_BY_TYPE":{"CONCEPT_NAME":[],"COUNT_VALUE":[]},"AGE_AT_FIRST_DIAGNOSIS":{"CATEGORY":["FEMALE","MALE"],"MIN_VALUE":[39,49],"P10_VALUE":[48,66],"P25_VALUE":[67,68],"MEDIAN_VALUE":[78,75],"P75_VALUE":[85,83],"P90_VALUE":[88,89],"MAX_VALUE":[97,96]}}
