{"PREVALENCE_BY_GENDER_AGE_YEAR":{"TRELLIS_NAME":["90-99","60-69","70-79","80-89","90-99"],"SERIES_NAME":["MALE","FEMALE","FEMALE","FEMALE","FEMALE"],"X_CALENDAR_YEAR":["2008","2008","2008","2008","2010"],"Y_PREVALENCE_1000PP":[0.64851,0.0644,0.0464,0.06961,0.19102]},"PREVALENCE_BY_MONTH":{"X_CALENDAR_MONTH":"200801","Y_PREVALENCE_1000PP":0.00895},"CONDITIONS_BY_TYPE":{"CONCEPT_NAME":[],"COUNT_VALUE":[]},"AGE_AT_FIRST_DIAGNOSIS":{"CATEGORY":["FEMALE","MALE"],"MIN_VALUE":[65,92],"P10_VALUE":[65,92],"P25_VALUE":[65,92],"MEDIAN_VALUE":[74,92],"P75_VALUE":[86,92],"P90_VALUE":[98,92],"MAX_VALUE":[98,92]}}
