{"PREVALENCE_BY_GENDER_AGE_YEAR":{"TRELLIS_NAME":["60-69","40-49","70-79","80-89","90-99","40-49","90-99","70-79","60-69","80-89","80-89","80-89","70-79","50-59"],"SERIES_NAME":["FEMALE","FEMALE","FEMALE","FEMALE","FEMALE","MALE","MALE","FEMALE","MALE","MALE","FEMALE","FEMALE","MALE","MALE"],"X_CALENDAR_YEAR":["2008","2008","2008","2008","2009","2009","2009","2009","2009","2009","2009","2010","2010","2010"],"Y_PREVALENCE_1000PP":[0.1288,0.49727,0.0928,0.06961,0.43563,0.49188,0.52219,0.04589,0.08532,0.31384,0.0672,0.13005,0.10874,0.31666]},"PREVALENCE_BY_MONTH":{"X_CALENDAR_MONTH":["200801","200901"],"Y_PREVALENCE_1000PP":[0.00895,0.00921]},"CONDITIONS_BY_TYPE":{"CONCEPT_NAME":[],"COUNT_VALUE":[]},"AGE_AT_FIRST_DIAGNOSIS":{"CATEGORY":["FEMALE","MALE"],"MIN_VALUE":[46,47],"P10_VALUE":[62,47],"P25_VALUE":[69,69],"MEDIAN_VALUE":[79,78],"P75_VALUE":[87,82],"P90_VALUE":[97,93],"MAX_VALUE":[99,93]}}
