{"PREVALENCE_BY_GENDER_AGE_YEAR":{"TRELLIS_NAME":["40-49","50-59","60-69","60-69","70-79","70-79","80-89","60-69","80-89","70-79","80-89","70-79","70-79","50-59","60-69","80-89","60-69"],"SERIES_NAME":["MALE","FEMALE","FEMALE","MALE","FEMALE","MALE","MALE","FEMALE","MALE","MALE","FEMALE","FEMALE","FEMALE","FEMALE","FEMALE","FEMALE","MALE"],"X_CALENDAR_YEAR":["2008","2008","2008","2008","2008","2008","2008","2009","2009","2009","2009","2009","2010","2010","2010","2010","2010"],"Y_PREVALENCE_1000PP":[0.44228,0.30469,0.2576,0.06978,0.0464,0.17179,0.11291,0.07748,0.10461,0.05624,0.1344,0.04589,0.04496,0.33887,0.09473,0.13005,0.10323]},"PREVALENCE_BY_MONTH":{"X_CALENDAR_MONTH":"200801","Y_PREVALENCE_1000PP":0.01791},"CONDITIONS_BY_TYPE":{"CONCEPT_NAME":[],"COUNT_VALUE":[]},"AGE_AT_FIRST_DIAGNOSIS":{"CATEGORY":["FEMALE","MALE"],"MIN_VALUE":[57,41],"P10_VALUE":[59,41],"P25_VALUE":[67,68],"MEDIAN_VALUE":[67,74],"P75_VALUE":[81,76],"P90_VALUE":[88,86],"MAX_VALUE":[89,86]}}
