{"PREVALENCE_BY_GENDER_AGE_YEAR":{"TRELLIS_NAME":["40-49","70-79","80-89","70-79","90-99","90-99","60-69","80-89","70-79","80-89","50-59","70-79","60-69","90-99"],"SERIES_NAME":["MALE","FEMALE","FEMALE","MALE","MALE","FEMALE","FEMALE","MALE","MALE","FEMALE","MALE","MALE","FEMALE","MALE"],"X_CALENDAR_YEAR":["2008","2008","2008","2008","2008","2009","2009","2009","2009","2009","2010","2010","2010","2010"],"Y_PREVALENCE_1000PP":[0.44228,0.0464,0.13922,0.05726,0.64851,0.21782,0.15497,0.20923,0.11248,0.2016,0.31666,0.05437,0.09473,0.42445]},"PREVALENCE_BY_MONTH":{"X_CALENDAR_MONTH":["200901","201001"],"Y_PREVALENCE_1000PP":[0.00921,0.00934]},"CONDITIONS_BY_TYPE":{"CONCEPT_NAME":[],"COUNT_VALUE":[]},"AGE_AT_FIRST_DIAGNOSIS":{"CATEGORY":["FEMALE","MALE"],"MIN_VALUE":[64,49],"P10_VALUE":[64,49],"P25_VALUE":[69,70],"MEDIAN_VALUE":[80,76],"P75_VALUE":[85,83],"P90_VALUE":[86,93],"MAX_VALUE":[90,93]}}
