{"PREVALENCE_BY_GENDER_AGE_YEAR":{"TRELLIS_NAME":["60-69","70-79","90-99","70-79","80-89","60-69","40-49","50-59","20-29","70-79","80-89","70-79","80-89","60-69","40-49","80-89","70-79","80-89","70-79","60-69"],"SERIES_NAME":["FEMALE","FEMALE","MALE","MALE","MALE","MALE","FEMALE","MALE","FEMALE","FEMALE","FEMALE","MALE","MALE","FEMALE","MALE","MALE","MALE","FEMALE","FEMALE","MALE"],"X_CALENDAR_YEAR":["2008","2008","2008","2008","2008","2008","2009","2009","2009","2009","2009","2009","2009","2009","2010","2010","2010","2010","2010","2010"],"Y_PREVALENCE_1000PP":[0.1288,0.232,0.64851,0.05726,0.11291,0.13956,0.53333,0.29922,3.7594,0.18355,0.1344,0.16872,0.20923,0.30993,0.53648,0.0972,0.05437,0.06502,0.08993,0.10323]},"PREVALENCE_BY_MONTH":{"X_CALENDAR_MONTH":["200801","200901"],"Y_PREVALENCE_1000PP":[0.00895,0.03685]},"CONDITIONS_BY_TYPE":{"CONCEPT_NAME":[],"COUNT_VALUE":[]},"AGE_AT_FIRST_DIAGNOSIS":{"CATEGORY":["FEMALE","MALE"],"MIN_VALUE":[29,42],"P10_VALUE":[61,57],"P25_VALUE":[66,66],"MEDIAN_VALUE":[72,74],"P75_VALUE":[77,83],"P90_VALUE":[80,86],"MAX_VALUE":[82,94]}}
