{"PREVALENCE_BY_GENDER_AGE_YEAR":{"TRELLIS_NAME":["60-69","60-69","80-89","70-79","80-89","50-59","70-79","70-79","80-89","70-79","90-99","80-89","60-69","60-69","100-109","50-59","60-69","60-69","70-79","80-89","80-89"],"SERIES_NAME":["FEMALE","MALE","MALE","MALE","FEMALE","MALE","FEMALE","FEMALE","FEMALE","MALE","FEMALE","MALE","MALE","FEMALE","MALE","MALE","MALE","FEMALE","FEMALE","FEMALE","MALE"],"X_CALENDAR_YEAR":["2008","2008","2008","2008","2008","2008","2008","2009","2009","2009","2009","2009","2009","2009","2010","2010","2010","2010","2010","2010","2010"],"Y_PREVALENCE_1000PP":[0.0644,0.06978,0.11291,0.05726,0.13922,0.27518,0.0464,0.09177,0.2688,0.11248,0.43563,0.10461,0.08532,0.30993,3.83142,0.31666,0.20646,0.09473,0.04496,0.13005,0.1944]},"PREVALENCE_BY_MONTH":{"X_CALENDAR_MONTH":["200801","200901","201001"],"Y_PREVALENCE_1000PP":[0.00895,0.02764,0.01867]},"CONDITIONS_BY_TYPE":{"CONCEPT_NAME":[],"COUNT_VALUE":[]},"AGE_AT_FIRST_DIAGNOSIS":{"CATEGORY":["FEMALE","MALE"],"MIN_VALUE":[64,57],"P10_VALUE":[64,58],"P25_VALUE":[69,68],"MEDIAN_VALUE":[79,70],"P75_VALUE":[85,82],"P90_VALUE":[87,87],"MAX_VALUE":[94,100]}}
