{"PREVALENCE_BY_GENDER_AGE_YEAR":{"TRELLIS_NAME":["80-89","70-79","70-79","60-69","100-109","60-69","70-79","80-89","70-79","80-89","80-89","60-69","70-79","50-59","70-79"],"SERIES_NAME":["FEMALE","FEMALE","MALE","MALE","FEMALE","MALE","MALE","MALE","FEMALE","FEMALE","FEMALE","FEMALE","FEMALE","FEMALE","MALE"],"X_CALENDAR_YEAR":["2008","2008","2008","2008","2009","2009","2009","2009","2009","2009","2010","2010","2010","2010","2010"],"Y_PREVALENCE_1000PP":[0.13922,0.0928,0.11453,0.20934,2.53807,0.25597,0.05624,0.10461,0.13766,0.1344,0.06502,0.18947,0.08993,0.33887,0.05437]},"PREVALENCE_BY_MONTH":{"X_CALENDAR_MONTH":"201001","Y_PREVALENCE_1000PP":0.00934},"CONDITIONS_BY_TYPE":{"CONCEPT_NAME":[],"COUNT_VALUE":[]},"AGE_AT_FIRST_DIAGNOSIS":{"CATEGORY":["FEMALE","MALE"],"MIN_VALUE":[54,65],"P10_VALUE":[67,66],"P25_VALUE":[72,66],"MEDIAN_VALUE":[74,69],"P75_VALUE":[82,72],"P90_VALUE":[85,79],"MAX_VALUE":[100,80]}}
