{"PREVALENCE_BY_GENDER_AGE_YEAR":{"TRELLIS_NAME":["30-39","50-59","80-89","70-79","80-89","70-79","90-99","60-69","40-49","60-69","40-49","90-99","60-69","70-79","80-89","70-79","90-99","80-89","60-69","40-49","50-59","50-59","60-69","90-99","80-89","80-89","70-79","50-59","30-39"],"SERIES_NAME":["FEMALE","MALE","MALE","MALE","FEMALE","FEMALE","FEMALE","FEMALE","MALE","MALE","MALE","FEMALE","FEMALE","FEMALE","FEMALE","MALE","MALE","MALE","MALE","FEMALE","MALE","FEMALE","FEMALE","MALE","MALE","FEMALE","FEMALE","FEMALE","FEMALE"],"X_CALENDAR_YEAR":["2008","2008","2008","2008","2008","2008","2008","2008","2008","2008","2009","2009","2009","2009","2009","2009","2009","2009","2009","2009","2009","2009","2010","2010","2010","2010","2010","2010","2010"],"Y_PREVALENCE_1000PP":[1.03199,1.10072,0.22581,0.22906,0.41765,0.2784,1.25439,0.322,0.44228,0.34889,0.49188,0.87127,0.07748,0.36709,0.6048,0.44992,1.56658,0.62768,0.42662,0.53333,0.29922,1.27755,0.5684,0.8489,0.3888,0.13005,0.22482,0.67774,1.19048]},"PREVALENCE_BY_MONTH":{"X_CALENDAR_MONTH":["200801","200901","201001"],"Y_PREVALENCE_1000PP":[0.01791,0.03685,0.01867]},"CONDITIONS_BY_TYPE":{"CONCEPT_NAME":[],"COUNT_VALUE":[]},"AGE_AT_FIRST_DIAGNOSIS":{"CATEGORY":["FEMALE","MALE"],"MIN_VALUE":[30,41],"P10_VALUE":[55,52],"P25_VALUE":[68,67],"MEDIAN_VALUE":[74,74],"P75_VALUE":[85,82],"P90_VALUE":[92,90],"MAX_VALUE":[99,98]}}
