{"PREVALENCE_BY_GENDER_AGE_YEAR":{"TRELLIS_NAME":["20-29","50-59","50-59","70-79","40-49","60-69","90-99","60-69","30-39","80-89","70-79","80-89","90-99","60-69","60-69","80-89","70-79","20-29","100-109","50-59","70-79","80-89","60-69","90-99","70-79","60-69","50-59","80-89","80-89","70-79"],"SERIES_NAME":["MALE","FEMALE","MALE","MALE","FEMALE","MALE","FEMALE","FEMALE","FEMALE","FEMALE","FEMALE","MALE","FEMALE","MALE","FEMALE","FEMALE","FEMALE","FEMALE","FEMALE","MALE","MALE","MALE","FEMALE","FEMALE","FEMALE","MALE","MALE","MALE","FEMALE","MALE"],"X_CALENDAR_YEAR":["2008","2008","2008","2008","2008","2008","2008","2008","2008","2008","2008","2008","2009","2009","2009","2009","2009","2009","2009","2009","2009","2009","2010","2010","2010","2010","2010","2010","2010","2010"],"Y_PREVALENCE_1000PP":[2.43309,0.60938,0.55036,0.22906,0.49727,0.20934,0.50176,0.322,1.03199,0.06961,0.46399,0.33872,0.21782,0.3413,0.23245,0.336,0.3212,3.7594,5.07614,0.29922,0.44992,0.20923,0.09473,0.38204,0.08993,0.20646,0.31666,0.1944,0.13005,0.21747]},"PREVALENCE_BY_MONTH":{"X_CALENDAR_MONTH":["200801","200901","201001"],"Y_PREVALENCE_1000PP":[0.03582,0.02764,0.00934]},"CONDITIONS_BY_TYPE":{"CONCEPT_NAME":[],"COUNT_VALUE":[]},"AGE_AT_FIRST_DIAGNOSIS":{"CATEGORY":["FEMALE","MALE"],"MIN_VALUE":[26,26],"P10_VALUE":[56,54],"P25_VALUE":[68,67],"MEDIAN_VALUE":[75,71],"P75_VALUE":[82,79],"P90_VALUE":[90,84],"MAX_VALUE":[100,87]}}
