{"PREVALENCE_BY_GENDER_AGE_YEAR":{"TRELLIS_NAME":["80-89","70-79","80-89","90-99","40-49","90-99","60-69","60-69","40-49","70-79","70-79","60-69","90-99","60-69","40-49","70-79","50-59"],"SERIES_NAME":["MALE","FEMALE","FEMALE","FEMALE","FEMALE","FEMALE","MALE","FEMALE","FEMALE","FEMALE","MALE","MALE","FEMALE","FEMALE","MALE","MALE","FEMALE"],"X_CALENDAR_YEAR":["2008","2008","2008","2008","2008","2009","2009","2009","2009","2009","2009","2010","2010","2010","2010","2010","2010"],"Y_PREVALENCE_1000PP":[0.22581,0.0464,0.06961,0.25088,0.49727,0.21782,0.08532,0.23245,0.53333,0.04589,0.11248,0.20646,0.19102,0.09473,0.53648,0.10874,0.33887]},"PREVALENCE_BY_MONTH":{"X_CALENDAR_MONTH":["200901","201001"],"Y_PREVALENCE_1000PP":[0.00921,0.00934]},"CONDITIONS_BY_TYPE":{"CONCEPT_NAME":[],"COUNT_VALUE":[]},"AGE_AT_FIRST_DIAGNOSIS":{"CATEGORY":["FEMALE","MALE"],"MIN_VALUE":[48,49],"P10_VALUE":[48,49],"P25_VALUE":[65,66],"MEDIAN_VALUE":[67,71],"P75_VALUE":[80,78],"P90_VALUE":[95,84],"MAX_VALUE":[97,84]}}
