{"PREVALENCE_BY_GENDER_AGE_YEAR":{"TRELLIS_NAME":["80-89","40-49","70-79","40-49","30-39","60-69","90-99","50-59","60-69","70-79","50-59","80-89","50-59","80-89","70-79","60-69","90-99","60-69","50-59","40-49","70-79","70-79","80-89","70-79","60-69","80-89"],"SERIES_NAME":["MALE","MALE","MALE","FEMALE","MALE","MALE","FEMALE","MALE","FEMALE","FEMALE","FEMALE","FEMALE","FEMALE","FEMALE","FEMALE","FEMALE","FEMALE","MALE","MALE","MALE","MALE","MALE","MALE","FEMALE","FEMALE","FEMALE"],"X_CALENDAR_YEAR":["2008","2008","2008","2008","2008","2008","2008","2008","2008","2008","2008","2008","2009","2009","2009","2009","2009","2009","2009","2009","2009","2010","2010","2010","2010","2010"],"Y_PREVALENCE_1000PP":[0.22581,0.88456,0.11453,0.49727,0.86957,0.20934,0.50176,0.27518,0.322,0.1392,0.30469,0.27844,0.31939,0.0672,0.27532,0.07748,0.87127,0.25597,0.29922,0.49188,0.05624,0.16311,0.3888,0.17986,0.18947,0.19507]},"PREVALENCE_BY_MONTH":{"X_CALENDAR_MONTH":["200801","200901","201001"],"Y_PREVALENCE_1000PP":[0.00895,0.01842,0.00934]},"CONDITIONS_BY_TYPE":{"CONCEPT_NAME":[],"COUNT_VALUE":[]},"AGE_AT_FIRST_DIAGNOSIS":{"CATEGORY":["FEMALE","MALE"],"MIN_VALUE":[42,38],"P10_VALUE":[61,45],"P25_VALUE":[68,58],"MEDIAN_VALUE":[75,68],"P75_VALUE":[84,78],"P90_VALUE":[96,83],"MAX_VALUE":[98,86]}}
