{"PREVALENCE_BY_GENDER_AGE_YEAR":{"TRELLIS_NAME":["30-39","70-79","80-89","60-69","50-59","50-59","70-79","90-99","60-69","90-99"],"SERIES_NAME":["MALE","MALE","FEMALE","FEMALE","MALE","FEMALE","FEMALE","FEMALE","MALE","FEMALE"],"X_CALENDAR_YEAR":["2008","2008","2008","2008","2009","2009","2009","2009","2009","2010"],"Y_PREVALENCE_1000PP":[0.86957,0.11453,0.13922,0.1288,0.29922,0.31939,0.09177,0.21782,0.08532,0.19102]},"PREVALENCE_BY_MONTH":{"X_CALENDAR_MONTH":["200801","201001"],"Y_PREVALENCE_1000PP":[0.00895,0.00934]},"CONDITIONS_BY_TYPE":{"CONCEPT_NAME":[],"COUNT_VALUE":[]},"AGE_AT_FIRST_DIAGNOSIS":{"CATEGORY":["FEMALE","MALE"],"MIN_VALUE":[53,38],"P10_VALUE":[53,38],"P25_VALUE":[68,56],"MEDIAN_VALUE":[79,67],"P75_VALUE":[85,76],"P90_VALUE":[99,77],"MAX_VALUE":[99,77]}}
