{"PREVALENCE_BY_GENDER_AGE_YEAR":{"TRELLIS_NAME":["40-49","70-79","50-59"],"SERIES_NAME":["MALE","FEMALE","MALE"],"X_CALENDAR_YEAR":["2008","2010","2010"],"Y_PREVALENCE_1000PP":[0.44228,0.04496,0.31666]},"PREVALENCE_BY_MONTH":{"X_CALENDAR_MONTH":[],"Y_PREVALENCE_1000PP":[]},"CONDITIONS_BY_TYPE":{"CONCEPT_NAME":[],"COUNT_VALUE":[]},"AGE_AT_FIRST_DIAGNOSIS":{"CATEGORY":["FEMALE","MALE"],"MIN_VALUE":[78,40],"P10_VALUE":[78,40],"P25_VALUE":[78,40],"MEDIAN_VALUE":[78,40],"P75_VALUE":[78,53],"P90_VALUE":[78,53],"MAX_VALUE":[78,53]}}
