{"PREVALENCE_BY_GENDER_AGE_YEAR":{"TRELLIS_NAME":["90-99","60-69","40-49","40-49","70-79","70-79","90-99"],"SERIES_NAME":["FEMALE","MALE","FEMALE","MALE","FEMALE","MALE","FEMALE"],"X_CALENDAR_YEAR":["2008","2008","2008","2009","2009","2009","2009"],"Y_PREVALENCE_1000PP":[0.25088,0.06978,0.49727,0.49188,0.04589,0.05624,0.21782]},"PREVALENCE_BY_MONTH":{"X_CALENDAR_MONTH":[],"Y_PREVALENCE_1000PP":[]},"CONDITIONS_BY_TYPE":{"CONCEPT_NAME":[],"COUNT_VALUE":[]},"AGE_AT_FIRST_DIAGNOSIS":{"CATEGORY":["FEMALE","MALE"],"MIN_VALUE":[48,47],"P10_VALUE":[48,47],"P25_VALUE":[48,47],"MEDIAN_VALUE":[72,64],"P75_VALUE":[90,77],"P90_VALUE":[98,77],"MAX_VALUE":[98,77]}}
