{"PREVALENCE_BY_GENDER_AGE_YEAR":{"TRELLIS_NAME":["70-79","80-89","60-69","70-79"],"SERIES_NAME":["MALE","FEMALE","MALE","MALE"],"X_CALENDAR_YEAR":["2008","2008","2008","2010"],"Y_PREVALENCE_1000PP":[0.05726,0.13922,0.06978,0.05437]},"PREVALENCE_BY_MONTH":{"X_CALENDAR_MONTH":[],"Y_PREVALENCE_1000PP":[]},"CONDITIONS_BY_TYPE":{"CONCEPT_NAME":[],"COUNT_VALUE":[]},"AGE_AT_FIRST_DIAGNOSIS":{"CATEGORY":["FEMALE","MALE"],"MIN_VALUE":[87,68],"P10_VALUE":[87,68],"P25_VALUE":[87,68],"MEDIAN_VALUE":[87,75],"P75_VALUE":[88,77],"P90_VALUE":[88,77],"MAX_VALUE":[88,77]}}
