{"PREVALENCE_BY_GENDER_AGE_YEAR":{"TRELLIS_NAME":["80-89","70-79","70-79","50-59","90-99"],"SERIES_NAME":["FEMALE","FEMALE","MALE","FEMALE","FEMALE"],"X_CALENDAR_YEAR":["2008","2008","2008","2009","2009"],"Y_PREVALENCE_1000PP":[0.06961,0.0928,0.05726,0.31939,0.21782]},"PREVALENCE_BY_MONTH":{"X_CALENDAR_MONTH":"200801","Y_PREVALENCE_1000PP":0.00895},"CONDITIONS_BY_TYPE":{"CONCEPT_NAME":[],"COUNT_VALUE":[]},"AGE_AT_FIRST_DIAGNOSIS":{"CATEGORY":["FEMALE","MALE"],"MIN_VALUE":[50,75],"P10_VALUE":[50,75],"P25_VALUE":[72,75],"MEDIAN_VALUE":[73,75],"P75_VALUE":[83,75],"P90_VALUE":[93,75],"MAX_VALUE":[93,75]}}
