{"PREVALENCE_BY_GENDER_AGE_YEAR":{"TRELLIS_NAME":["40-49","80-89","90-99"],"SERIES_NAME":["MALE","FEMALE","FEMALE"],"X_CALENDAR_YEAR":["2008","2009","2010"],"Y_PREVALENCE_1000PP":[0.44228,0.0672,0.19102]},"PREVALENCE_BY_MONTH":{"X_CALENDAR_MONTH":[],"Y_PREVALENCE_1000PP":[]},"CONDITIONS_BY_TYPE":{"CONCEPT_NAME":[],"COUNT_VALUE":[]},"AGE_AT_FIRST_DIAGNOSIS":{"CATEGORY":["FEMALE","MALE"],"MIN_VALUE":[82,48],"P10_VALUE":[82,48],"P25_VALUE":[82,48],"MEDIAN_VALUE":[82,48],"P75_VALUE":[98,48],"P90_VALUE":[98,48],"MAX_VALUE":[98,48]}}
