{"PREVALENCE_BY_GENDER_AGE_YEAR":{"TRELLIS_NAME":["40-49","30-39","80-89","70-79","70-79","60-69","90-99","60-69","70-79","30-39","80-89","80-89","70-79","70-79","80-89","50-59","80-89"],"SERIES_NAME":["FEMALE","FEMALE","FEMALE","FEMALE","MALE","MALE","FEMALE","MALE","MALE","MALE","MALE","FEMALE","FEMALE","FEMALE","FEMALE","MALE","MALE"],"X_CALENDAR_YEAR":["2008","2008","2008","2008","2008","2008","2009","2009","2009","2009","2009","2009","2009","2010","2010","2010","2010"],"Y_PREVALENCE_1000PP":[0.49727,1.03199,0.06961,0.0928,0.11453,0.06978,0.21782,0.08532,0.11248,0.97943,0.20923,0.2016,0.09177,0.17986,0.39014,0.31666,0.0972]},"PREVALENCE_BY_MONTH":{"X_CALENDAR_MONTH":"201001","Y_PREVALENCE_1000PP":0.01867},"CONDITIONS_BY_TYPE":{"CONCEPT_NAME":[],"COUNT_VALUE":[]},"AGE_AT_FIRST_DIAGNOSIS":{"CATEGORY":["FEMALE","MALE"],"MIN_VALUE":[32,39],"P10_VALUE":[70,58],"P25_VALUE":[75,68],"MEDIAN_VALUE":[80,73],"P75_VALUE":[87,84],"P90_VALUE":[88,85],"MAX_VALUE":[96,85]}}
