{"PREVALENCE_BY_GENDER_AGE_YEAR":{"TRELLIS_NAME":["80-89","90-99","60-69","90-99","60-69","80-89","70-79","50-59","80-89","70-79","80-89","60-69","90-99","60-69","50-59","50-59","70-79","50-59","40-49","60-69","90-99","60-69","70-79","80-89","70-79","80-89"],"SERIES_NAME":["MALE","MALE","MALE","FEMALE","FEMALE","FEMALE","FEMALE","MALE","MALE","FEMALE","FEMALE","FEMALE","FEMALE","MALE","FEMALE","MALE","MALE","MALE","MALE","FEMALE","FEMALE","MALE","MALE","MALE","FEMALE","FEMALE"],"X_CALENDAR_YEAR":["2008","2008","2008","2008","2008","2008","2008","2008","2009","2009","2009","2009","2009","2009","2009","2009","2009","2010","2010","2010","2010","2010","2010","2010","2010","2010"],"Y_PREVALENCE_1000PP":[0.67743,0.64851,0.41867,0.25088,0.1288,0.34804,0.46399,0.27518,0.31384,0.27532,0.336,0.54238,0.87127,0.3413,0.31939,0.29922,0.22496,0.31666,0.53648,0.2842,0.19102,0.20646,0.21747,0.2916,0.13489,0.39014]},"PREVALENCE_BY_MONTH":{"X_CALENDAR_MONTH":["200801","200901","201001"],"Y_PREVALENCE_1000PP":[0.00895,0.01842,0.02801]},"CONDITIONS_BY_TYPE":{"CONCEPT_NAME":[],"COUNT_VALUE":[]},"AGE_AT_FIRST_DIAGNOSIS":{"CATEGORY":["FEMALE","MALE"],"MIN_VALUE":[59,46],"P10_VALUE":[67,56],"P25_VALUE":[70,64],"MEDIAN_VALUE":[77,74],"P75_VALUE":[84,81],"P90_VALUE":[90,85],"MAX_VALUE":[95,94]}}
