{"PREVALENCE_BY_GENDER_AGE_YEAR":{"TRELLIS_NAME":["80-89","70-79","80-89","70-79","60-69","60-69","50-59","50-59","80-89","70-79","100-109","40-49","80-89","40-49","60-69","90-99","60-69","90-99","70-79","60-69","80-89","60-69","70-79","70-79"],"SERIES_NAME":["MALE","MALE","FEMALE","FEMALE","FEMALE","MALE","FEMALE","MALE","MALE","MALE","FEMALE","FEMALE","FEMALE","MALE","MALE","MALE","FEMALE","FEMALE","FEMALE","FEMALE","FEMALE","MALE","MALE","FEMALE"],"X_CALENDAR_YEAR":["2008","2008","2008","2008","2008","2008","2008","2008","2009","2009","2009","2009","2009","2009","2009","2009","2009","2009","2009","2010","2010","2010","2010","2010"],"Y_PREVALENCE_1000PP":[0.56453,0.22906,0.34804,0.51039,0.322,0.41867,0.60938,0.55036,0.31384,0.16872,2.53807,0.53333,0.2688,0.49188,0.17065,0.52219,0.23245,0.65345,0.41298,0.09473,0.26009,0.30969,0.27184,0.17986]},"PREVALENCE_BY_MONTH":{"X_CALENDAR_MONTH":["200801","200901","201001"],"Y_PREVALENCE_1000PP":[0.02686,0.02764,0.01867]},"CONDITIONS_BY_TYPE":{"CONCEPT_NAME":[],"COUNT_VALUE":[]},"AGE_AT_FIRST_DIAGNOSIS":{"CATEGORY":["FEMALE","MALE"],"MIN_VALUE":[42,49],"P10_VALUE":[62,61],"P25_VALUE":[70,67],"MEDIAN_VALUE":[76,73],"P75_VALUE":[82,80],"P90_VALUE":[89,86],"MAX_VALUE":[100,98]}}
