{"PREVALENCE_BY_GENDER_AGE_YEAR":{"TRELLIS_NAME":["70-79","80-89","70-79","90-99","60-69","30-39","50-59","40-49","60-69","60-69","80-89","80-89","70-79","90-99","60-69","70-79","80-89","70-79"],"SERIES_NAME":["FEMALE","FEMALE","MALE","MALE","FEMALE","FEMALE","MALE","MALE","FEMALE","MALE","MALE","FEMALE","FEMALE","MALE","MALE","FEMALE","FEMALE","MALE"],"X_CALENDAR_YEAR":["2008","2008","2008","2008","2008","2008","2009","2009","2009","2009","2009","2009","2009","2010","2010","2010","2010","2010"],"Y_PREVALENCE_1000PP":[0.1856,0.13922,0.28632,0.64851,0.0644,1.03199,0.29922,0.49188,0.07748,0.25597,0.31384,0.1344,0.09177,0.42445,0.10323,0.08993,0.13005,0.10874]},"PREVALENCE_BY_MONTH":{"X_CALENDAR_MONTH":"200801","Y_PREVALENCE_1000PP":0.00895},"CONDITIONS_BY_TYPE":{"CONCEPT_NAME":[],"COUNT_VALUE":[]},"AGE_AT_FIRST_DIAGNOSIS":{"CATEGORY":["FEMALE","MALE"],"MIN_VALUE":[38,47],"P10_VALUE":[67,58],"P25_VALUE":[71,68],"MEDIAN_VALUE":[75,75],"P75_VALUE":[81,83],"P90_VALUE":[85,93],"MAX_VALUE":[86,97]}}
