{"PREVALENCE_BY_GENDER_AGE_YEAR":{"TRELLIS_NAME":["60-69","90-99","60-69","70-79","80-89","70-79","80-89","50-59","50-59","40-49","30-39","70-79","60-69","80-89","70-79","90-99","80-89","90-99","50-59","30-39","60-69","100-109","50-59","90-99","60-69","50-59","70-79","80-89","70-79","80-89"],"SERIES_NAME":["FEMALE","FEMALE","MALE","MALE","MALE","FEMALE","FEMALE","FEMALE","MALE","FEMALE","MALE","MALE","FEMALE","MALE","FEMALE","FEMALE","FEMALE","MALE","FEMALE","FEMALE","MALE","FEMALE","FEMALE","FEMALE","FEMALE","MALE","MALE","MALE","FEMALE","FEMALE"],"X_CALENDAR_YEAR":["2008","2008","2008","2008","2008","2008","2008","2008","2008","2008","2008","2009","2009","2009","2009","2009","2009","2009","2009","2010","2010","2010","2010","2010","2010","2010","2010","2010","2010","2010"],"Y_PREVALENCE_1000PP":[0.322,0.25088,0.06978,0.28632,0.22581,0.232,0.20883,0.30469,0.27518,0.99453,0.86957,0.44992,0.23245,0.73229,0.55064,0.65345,0.2016,0.52219,0.95816,1.19048,0.10323,1.2837,0.33887,0.38204,0.18947,0.63331,0.16311,0.5832,0.17986,0.13005]},"PREVALENCE_BY_MONTH":{"X_CALENDAR_MONTH":["200801","200901","201001"],"Y_PREVALENCE_1000PP":[0.00895,0.01842,0.05602]},"CONDITIONS_BY_TYPE":{"CONCEPT_NAME":[],"COUNT_VALUE":[]},"AGE_AT_FIRST_DIAGNOSIS":{"CATEGORY":["FEMALE","MALE"],"MIN_VALUE":[39,37],"P10_VALUE":[54,50],"P25_VALUE":[66,71],"MEDIAN_VALUE":[76,74],"P75_VALUE":[80,84],"P90_VALUE":[91,86],"MAX_VALUE":[101,99]}}
