{"PREVALENCE_BY_GENDER_AGE_YEAR":{"TRELLIS_NAME":["50-59","70-79"],"SERIES_NAME":["MALE","FEMALE"],"X_CALENDAR_YEAR":["2008","2009"],"Y_PREVALENCE_1000PP":[0.27518,0.04589]},"PREVALENCE_BY_MONTH":{"X_CALENDAR_MONTH":"200801","Y_PREVALENCE_1000PP":0.00895},"CONDITIONS_BY_TYPE":{"CONCEPT_NAME":[],"COUNT_VALUE":[]},"AGE_AT_FIRST_DIAGNOSIS":{"CATEGORY":["FEMALE","MALE"],"MIN_VALUE":[75,52],"P10_VALUE":[75,52],"P25_VALUE":[75,52],"MEDIAN_VALUE":[75,52],"P75_VALUE":[75,52],"P90_VALUE":[75,52],"MAX_VALUE":[75,52]}}
