{"PREVALENCE_BY_GENDER_AGE_YEAR":{"TRELLIS_NAME":["80-89","90-99","70-79","80-89","40-49","30-39","60-69","70-79","60-69","80-89","70-79","90-99","60-69","80-89","90-99","70-79","80-89","60-69","60-69","70-79","80-89"],"SERIES_NAME":["FEMALE","FEMALE","FEMALE","MALE","FEMALE","FEMALE","FEMALE","MALE","MALE","FEMALE","MALE","FEMALE","MALE","MALE","MALE","FEMALE","MALE","FEMALE","MALE","MALE","FEMALE"],"X_CALENDAR_YEAR":["2008","2008","2008","2008","2008","2008","2008","2008","2008","2009","2009","2009","2009","2009","2009","2010","2010","2010","2010","2010","2010"],"Y_PREVALENCE_1000PP":[0.20883,0.50176,0.1392,0.11291,0.49727,1.03199,0.0644,0.11453,0.06978,0.1344,0.16872,0.21782,0.08532,0.10461,0.52219,0.04496,0.0972,0.09473,0.20646,0.05437,0.19507]},"PREVALENCE_BY_MONTH":{"X_CALENDAR_MONTH":"200801","Y_PREVALENCE_1000PP":0.00895},"CONDITIONS_BY_TYPE":{"CONCEPT_NAME":[],"COUNT_VALUE":[]},"AGE_AT_FIRST_DIAGNOSIS":{"CATEGORY":["FEMALE","MALE"],"MIN_VALUE":[39,61],"P10_VALUE":[42,67],"P25_VALUE":[70,69],"MEDIAN_VALUE":[80,75],"P75_VALUE":[85,80],"P90_VALUE":[94,83],"MAX_VALUE":[99,92]}}
