{"PREVALENCE_BY_GENDER_AGE_YEAR":{"TRELLIS_NAME":["60-69","80-89","30-39","70-79","90-99","80-89","90-99","70-79","60-69","90-99","70-79","80-89","70-79","80-89","40-49"],"SERIES_NAME":["MALE","MALE","MALE","MALE","FEMALE","FEMALE","MALE","FEMALE","FEMALE","FEMALE","FEMALE","FEMALE","MALE","FEMALE","FEMALE"],"X_CALENDAR_YEAR":["2008","2008","2008","2008","2008","2008","2008","2008","2009","2009","2009","2009","2009","2010","2010"],"Y_PREVALENCE_1000PP":[0.06978,0.11291,0.86957,0.05726,0.25088,0.06961,0.64851,0.0928,0.15497,0.21782,0.09177,0.0672,0.05624,0.06502,0.58241]},"PREVALENCE_BY_MONTH":{"X_CALENDAR_MONTH":"200801","Y_PREVALENCE_1000PP":0.00895},"CONDITIONS_BY_TYPE":{"CONCEPT_NAME":[],"COUNT_VALUE":[]},"AGE_AT_FIRST_DIAGNOSIS":{"CATEGORY":["FEMALE","MALE"],"MIN_VALUE":[43,37],"P10_VALUE":[68,37],"P25_VALUE":[68,69],"MEDIAN_VALUE":[72,72],"P75_VALUE":[85,88],"P90_VALUE":[91,94],"MAX_VALUE":[98,94]}}
