{"PREVALENCE_BY_GENDER_AGE_YEAR":{"TRELLIS_NAME":["80-89","70-79","70-79","20-29","60-69","70-79","50-59","70-79","50-59","60-69","70-79","70-79"],"SERIES_NAME":["FEMALE","MALE","FEMALE","MALE","FEMALE","FEMALE","FEMALE","MALE","MALE","FEMALE","MALE","FEMALE"],"X_CALENDAR_YEAR":["2008","2008","2008","2008","2009","2009","2009","2009","2009","2010","2010","2010"],"Y_PREVALENCE_1000PP":[0.13922,0.11453,0.1392,2.43309,0.15497,0.04589,0.31939,0.16872,0.29922,0.09473,0.05437,0.04496]},"PREVALENCE_BY_MONTH":{"X_CALENDAR_MONTH":[],"Y_PREVALENCE_1000PP":[]},"CONDITIONS_BY_TYPE":{"CONCEPT_NAME":[],"COUNT_VALUE":[]},"AGE_AT_FIRST_DIAGNOSIS":{"CATEGORY":["FEMALE","MALE"],"MIN_VALUE":[58,27],"P10_VALUE":[66,27],"P25_VALUE":[67,52],"MEDIAN_VALUE":[77,71],"P75_VALUE":[79,78],"P90_VALUE":[81,79],"MAX_VALUE":[83,79]}}
