{"PREVALENCE_BY_GENDER_AGE_YEAR":{"TRELLIS_NAME":["80-89","70-79","60-69","70-79"],"SERIES_NAME":["FEMALE","MALE","FEMALE","FEMALE"],"X_CALENDAR_YEAR":["2008","2008","2008","2010"],"Y_PREVALENCE_1000PP":[0.06961,0.05726,0.0644,0.04496]},"PREVALENCE_BY_MONTH":{"X_CALENDAR_MONTH":[],"Y_PREVALENCE_1000PP":[]},"CONDITIONS_BY_TYPE":{"CONCEPT_NAME":[],"COUNT_VALUE":[]},"AGE_AT_FIRST_DIAGNOSIS":{"CATEGORY":["FEMALE","MALE"],"MIN_VALUE":[68,72],"P10_VALUE":[68,72],"P25_VALUE":[68,72],"MEDIAN_VALUE":[79,72],"P75_VALUE":[86,72],"P90_VALUE":[86,72],"MAX_VALUE":[86,72]}}
