{"PREVALENCE_BY_GENDER_AGE_YEAR":{"TRELLIS_NAME":["40-49","60-69","60-69","70-79","80-89","70-79","80-89","20-29","30-39","50-59","80-89","70-79","80-89","70-79","60-69","60-69","100-109","70-79","70-79","60-69","60-69"],"SERIES_NAME":["MALE","MALE","FEMALE","FEMALE","FEMALE","MALE","MALE","FEMALE","FEMALE","MALE","MALE","MALE","FEMALE","FEMALE","FEMALE","MALE","MALE","FEMALE","MALE","MALE","FEMALE"],"X_CALENDAR_YEAR":["2008","2008","2008","2008","2008","2008","2008","2008","2009","2009","2009","2009","2009","2009","2009","2009","2010","2010","2010","2010","2010"],"Y_PREVALENCE_1000PP":[0.44228,0.06978,0.0644,0.0928,0.41765,0.17179,0.11291,3.003,1.12233,0.29922,0.10461,0.16872,0.0672,0.27532,0.15497,0.08532,3.83142,0.08993,0.10874,0.10323,0.09473]},"PREVALENCE_BY_MONTH":{"X_CALENDAR_MONTH":["200801","200901","201001"],"Y_PREVALENCE_1000PP":[0.02686,0.02764,0.01867]},"CONDITIONS_BY_TYPE":{"CONCEPT_NAME":[],"COUNT_VALUE":[]},"AGE_AT_FIRST_DIAGNOSIS":{"CATEGORY":["FEMALE","MALE"],"MIN_VALUE":[27,45],"P10_VALUE":[66,59],"P25_VALUE":[67,68],"MEDIAN_VALUE":[75,72],"P75_VALUE":[81,78],"P90_VALUE":[84,85],"MAX_VALUE":[89,101]}}
