{"PREVALENCE_BY_GENDER_AGE_YEAR":{"TRELLIS_NAME":["60-69","40-49","90-99","80-89","70-79","50-59","60-69","70-79","80-89","70-79","80-89","60-69","90-99","80-89","70-79","50-59","70-79"],"SERIES_NAME":["MALE","FEMALE","FEMALE","FEMALE","FEMALE","MALE","MALE","MALE","MALE","FEMALE","FEMALE","FEMALE","FEMALE","FEMALE","FEMALE","FEMALE","MALE"],"X_CALENDAR_YEAR":["2008","2008","2008","2008","2008","2008","2009","2009","2009","2009","2009","2009","2009","2010","2010","2010","2010"],"Y_PREVALENCE_1000PP":[0.13956,0.49727,0.25088,0.27844,0.1392,0.27518,0.08532,0.11248,0.10461,0.04589,0.0672,0.07748,0.21782,0.06502,0.08993,0.67774,0.05437]},"PREVALENCE_BY_MONTH":{"X_CALENDAR_MONTH":[],"Y_PREVALENCE_1000PP":[]},"CONDITIONS_BY_TYPE":{"CONCEPT_NAME":[],"COUNT_VALUE":[]},"AGE_AT_FIRST_DIAGNOSIS":{"CATEGORY":["FEMALE","MALE"],"MIN_VALUE":[49,56],"P10_VALUE":[54,56],"P25_VALUE":[71,60],"MEDIAN_VALUE":[77,68],"P75_VALUE":[84,75],"P90_VALUE":[98,82],"MAX_VALUE":[98,82]}}
