{"PREVALENCE_BY_GENDER_AGE_YEAR":{"TRELLIS_NAME":["70-79","80-89","70-79","60-69","50-59","90-99","60-69","40-49","90-99","60-69","90-99","80-89","70-79","80-89","70-79","90-99","70-79","70-79","80-89"],"SERIES_NAME":["FEMALE","FEMALE","MALE","MALE","FEMALE","MALE","FEMALE","FEMALE","FEMALE","FEMALE","MALE","MALE","MALE","FEMALE","FEMALE","FEMALE","FEMALE","MALE","MALE"],"X_CALENDAR_YEAR":["2008","2008","2008","2008","2008","2008","2008","2009","2009","2009","2009","2009","2009","2009","2009","2010","2010","2010","2010"],"Y_PREVALENCE_1000PP":[0.0928,0.20883,0.28632,0.13956,0.30469,0.64851,0.1288,0.53333,0.21782,0.23245,0.52219,0.31384,0.11248,0.1344,0.09177,0.19102,0.13489,0.05437,0.2916]},"PREVALENCE_BY_MONTH":{"X_CALENDAR_MONTH":["200801","200901"],"Y_PREVALENCE_1000PP":[0.02686,0.01842]},"CONDITIONS_BY_TYPE":{"CONCEPT_NAME":[],"COUNT_VALUE":[]},"AGE_AT_FIRST_DIAGNOSIS":{"CATEGORY":["FEMALE","MALE"],"MIN_VALUE":[41,65],"P10_VALUE":[63,66],"P25_VALUE":[66,72],"MEDIAN_VALUE":[73,78],"P75_VALUE":[81,83],"P90_VALUE":[87,96],"MAX_VALUE":[95,97]}}
