{"PREVALENCE_BY_GENDER_AGE_YEAR":{"TRELLIS_NAME":["70-79","70-79","60-69","60-69","60-69","80-89","70-79","70-79"],"SERIES_NAME":["FEMALE","MALE","FEMALE","FEMALE","MALE","MALE","FEMALE","MALE"],"X_CALENDAR_YEAR":["2008","2008","2008","2009","2009","2009","2009","2010"],"Y_PREVALENCE_1000PP":[0.0928,0.17179,0.0644,0.07748,0.17065,0.10461,0.09177,0.05437]},"PREVALENCE_BY_MONTH":{"X_CALENDAR_MONTH":[],"Y_PREVALENCE_1000PP":[]},"CONDITIONS_BY_TYPE":{"CONCEPT_NAME":[],"COUNT_VALUE":[]},"AGE_AT_FIRST_DIAGNOSIS":{"CATEGORY":["FEMALE","MALE"],"MIN_VALUE":[65,66],"P10_VALUE":[65,66],"P25_VALUE":[69,68],"MEDIAN_VALUE":[72,78],"P75_VALUE":[78,78],"P90_VALUE":[78,82],"MAX_VALUE":[78,82]}}
