{"PREVALENCE_BY_GENDER_AGE_YEAR":{"TRELLIS_NAME":["80-89","70-79","60-69","60-69","40-49","60-69","70-79","80-89","50-59","60-69","80-89","80-89"],"SERIES_NAME":["FEMALE","FEMALE","FEMALE","MALE","MALE","FEMALE","FEMALE","MALE","MALE","FEMALE","MALE","FEMALE"],"X_CALENDAR_YEAR":["2008","2008","2008","2008","2009","2009","2009","2009","2010","2010","2010","2010"],"Y_PREVALENCE_1000PP":[0.06961,0.0928,0.0644,0.06978,0.49188,0.07748,0.13766,0.31384,0.31666,0.18947,0.0972,0.06502]},"PREVALENCE_BY_MONTH":{"X_CALENDAR_MONTH":[],"Y_PREVALENCE_1000PP":[]},"CONDITIONS_BY_TYPE":{"CONCEPT_NAME":[],"COUNT_VALUE":[]},"AGE_AT_FIRST_DIAGNOSIS":{"CATEGORY":["FEMALE","MALE"],"MIN_VALUE":[66,41],"P10_VALUE":[68,41],"P25_VALUE":[69,57],"MEDIAN_VALUE":[72,80],"P75_VALUE":[79,84],"P90_VALUE":[82,89],"MAX_VALUE":[87,89]}}
