{"PREVALENCE_BY_GENDER_AGE_YEAR":{"TRELLIS_NAME":["70-79","70-79","60-69","60-69","50-59","60-69","70-79","60-69","90-99","60-69","80-89","70-79"],"SERIES_NAME":["FEMALE","MALE","MALE","FEMALE","FEMALE","FEMALE","FEMALE","MALE","FEMALE","FEMALE","FEMALE","FEMALE"],"X_CALENDAR_YEAR":["2008","2008","2008","2008","2008","2009","2009","2010","2010","2010","2010","2010"],"Y_PREVALENCE_1000PP":[0.0464,0.05726,0.06978,0.1288,0.60938,0.07748,0.04589,0.10323,0.19102,0.09473,0.06502,0.04496]},"PREVALENCE_BY_MONTH":{"X_CALENDAR_MONTH":["200801","200901","201001"],"Y_PREVALENCE_1000PP":[0.00895,0.00921,0.00934]},"CONDITIONS_BY_TYPE":{"CONCEPT_NAME":[],"COUNT_VALUE":[]},"AGE_AT_FIRST_DIAGNOSIS":{"CATEGORY":["FEMALE","MALE"],"MIN_VALUE":[55,65],"P10_VALUE":[57,65],"P25_VALUE":[62,65],"MEDIAN_VALUE":[67,69],"P75_VALUE":[79,79],"P90_VALUE":[86,79],"MAX_VALUE":[91,79]}}
