{"PREVALENCE_BY_GENDER_AGE_YEAR":{"TRELLIS_NAME":["70-79","80-89","70-79","80-89","60-69","90-99","60-69","40-49","50-59","50-59","20-29","50-59","40-49","60-69","90-99","60-69","80-89","70-79","80-89","70-79","80-89","70-79","70-79","50-59","60-69","90-99","60-69"],"SERIES_NAME":["MALE","MALE","FEMALE","FEMALE","FEMALE","FEMALE","MALE","MALE","FEMALE","MALE","MALE","FEMALE","MALE","MALE","FEMALE","FEMALE","FEMALE","FEMALE","MALE","MALE","FEMALE","FEMALE","MALE","MALE","MALE","FEMALE","FEMALE"],"X_CALENDAR_YEAR":["2008","2008","2008","2008","2008","2008","2008","2008","2008","2009","2009","2009","2009","2009","2009","2009","2009","2009","2009","2009","2010","2010","2010","2010","2010","2010","2010"],"Y_PREVALENCE_1000PP":[0.22906,0.22581,0.0928,0.27844,0.322,0.25088,0.13956,0.44228,0.60938,0.59844,3.07692,0.31939,0.49188,0.25597,0.43563,0.61987,0.2016,0.36709,0.20923,0.33744,0.19507,0.17986,0.10874,0.31666,0.30969,0.19102,0.18947]},"PREVALENCE_BY_MONTH":{"X_CALENDAR_MONTH":["200901","201001"],"Y_PREVALENCE_1000PP":[0.00921,0.02801]},"CONDITIONS_BY_TYPE":{"CONCEPT_NAME":[],"COUNT_VALUE":[]},"AGE_AT_FIRST_DIAGNOSIS":{"CATEGORY":["FEMALE","MALE"],"MIN_VALUE":[55,27],"P10_VALUE":[62,48],"P25_VALUE":[68,62],"MEDIAN_VALUE":[71,72],"P75_VALUE":[81,78],"P90_VALUE":[88,80],"MAX_VALUE":[96,84]}}
