{"PREVALENCE_BY_GENDER_AGE_YEAR":{"TRELLIS_NAME":["40-49","50-59","60-69","90-99","70-79","80-89","70-79","80-89","80-89","70-79","80-89","70-79","90-99","60-69","60-69","20-29","40-49","30-39","50-59","70-79","80-89","70-79","80-89","60-69","90-99"],"SERIES_NAME":["MALE","FEMALE","FEMALE","FEMALE","FEMALE","FEMALE","MALE","MALE","FEMALE","MALE","MALE","FEMALE","FEMALE","FEMALE","MALE","FEMALE","FEMALE","FEMALE","FEMALE","FEMALE","FEMALE","MALE","MALE","FEMALE","FEMALE"],"X_CALENDAR_YEAR":["2008","2008","2008","2008","2008","2008","2008","2008","2009","2009","2009","2009","2009","2009","2009","2010","2010","2010","2010","2010","2010","2010","2010","2010","2010"],"Y_PREVALENCE_1000PP":[0.44228,0.30469,0.2576,0.75263,0.0928,0.55687,0.22906,0.22581,0.336,0.22496,0.41845,0.36709,0.43563,0.07748,0.3413,5.10204,0.58241,2.38095,0.33887,0.08993,0.19507,0.21747,0.0972,0.2842,0.19102]},"PREVALENCE_BY_MONTH":{"X_CALENDAR_MONTH":["200801","200901","201001"],"Y_PREVALENCE_1000PP":[0.00895,0.00921,0.02801]},"CONDITIONS_BY_TYPE":{"CONCEPT_NAME":[],"COUNT_VALUE":[]},"AGE_AT_FIRST_DIAGNOSIS":{"CATEGORY":["FEMALE","MALE"],"MIN_VALUE":[29,43],"P10_VALUE":[58,66],"P25_VALUE":[68,70],"MEDIAN_VALUE":[74,73],"P75_VALUE":[85,81],"P90_VALUE":[91,86],"MAX_VALUE":[98,88]}}
