{"PREVALENCE_BY_GENDER_AGE_YEAR":{"TRELLIS_NAME":["90-99","90-99","60-69","80-89","80-89","70-79","50-59","60-69","60-69","80-89","70-79","70-79","40-49"],"SERIES_NAME":["FEMALE","MALE","MALE","MALE","FEMALE","FEMALE","FEMALE","FEMALE","MALE","MALE","MALE","FEMALE","MALE"],"X_CALENDAR_YEAR":["2008","2008","2008","2008","2008","2008","2008","2009","2009","2009","2009","2009","2010"],"Y_PREVALENCE_1000PP":[0.25088,0.64851,0.13956,0.11291,0.06961,0.0464,0.30469,0.07748,0.17065,0.10461,0.05624,0.04589,0.53648]},"PREVALENCE_BY_MONTH":{"X_CALENDAR_MONTH":[],"Y_PREVALENCE_1000PP":[]},"CONDITIONS_BY_TYPE":{"CONCEPT_NAME":[],"COUNT_VALUE":[]},"AGE_AT_FIRST_DIAGNOSIS":{"CATEGORY":["FEMALE","MALE"],"MIN_VALUE":[58,48],"P10_VALUE":[58,48],"P25_VALUE":[66,66],"MEDIAN_VALUE":[77,68],"P75_VALUE":[82,86],"P90_VALUE":[94,93],"MAX_VALUE":[94,93]}}
