{"PREVALENCE_BY_GENDER_AGE_YEAR":{"TRELLIS_NAME":["80-89","60-69","90-99","60-69","90-99","60-69","70-79","80-89","70-79","80-89","70-79","50-59"],"SERIES_NAME":["FEMALE","FEMALE","MALE","MALE","MALE","FEMALE","FEMALE","FEMALE","MALE","MALE","MALE","FEMALE"],"X_CALENDAR_YEAR":["2008","2008","2008","2008","2009","2009","2009","2009","2009","2009","2010","2010"],"Y_PREVALENCE_1000PP":[0.06961,0.0644,0.64851,0.13956,0.52219,0.15497,0.13766,0.2016,0.05624,0.41845,0.05437,0.33887]},"PREVALENCE_BY_MONTH":{"X_CALENDAR_MONTH":"201001","Y_PREVALENCE_1000PP":0.01867},"CONDITIONS_BY_TYPE":{"CONCEPT_NAME":[],"COUNT_VALUE":[]},"AGE_AT_FIRST_DIAGNOSIS":{"CATEGORY":["FEMALE","MALE"],"MIN_VALUE":[54,65],"P10_VALUE":[66,65],"P25_VALUE":[66,72],"MEDIAN_VALUE":[78,80],"P75_VALUE":[80,88],"P90_VALUE":[81,93],"MAX_VALUE":[84,95]}}
