{"PREVALENCE_BY_GENDER_AGE_YEAR":{"TRELLIS_NAME":["70-79","80-89","70-79","60-69","40-49","60-69","60-69","90-99","70-79","80-89","70-79","80-89","50-59","80-89","60-69"],"SERIES_NAME":["MALE","FEMALE","FEMALE","MALE","FEMALE","MALE","FEMALE","FEMALE","FEMALE","FEMALE","MALE","MALE","FEMALE","FEMALE","FEMALE"],"X_CALENDAR_YEAR":["2008","2008","2008","2008","2009","2009","2009","2009","2009","2009","2009","2009","2010","2010","2010"],"Y_PREVALENCE_1000PP":[0.22906,0.06961,0.1856,0.13956,0.53333,0.17065,0.15497,0.21782,0.09177,0.0672,0.11248,0.10461,0.33887,0.06502,0.09473]},"PREVALENCE_BY_MONTH":{"X_CALENDAR_MONTH":["200901","201001"],"Y_PREVALENCE_1000PP":[0.00921,0.00934]},"CONDITIONS_BY_TYPE":{"CONCEPT_NAME":[],"COUNT_VALUE":[]},"AGE_AT_FIRST_DIAGNOSIS":{"CATEGORY":["FEMALE","MALE"],"MIN_VALUE":[48,66],"P10_VALUE":[59,67],"P25_VALUE":[60,69],"MEDIAN_VALUE":[73,72],"P75_VALUE":[85,77],"P90_VALUE":[89,79],"MAX_VALUE":[91,85]}}
