{"PREVALENCE_BY_GENDER_AGE_YEAR":{"TRELLIS_NAME":["60-69","60-69","70-79","80-89","80-89","80-89","70-79","80-89","70-79","60-69","50-59","50-59","70-79","70-79","40-49"],"SERIES_NAME":["MALE","FEMALE","FEMALE","FEMALE","MALE","MALE","MALE","FEMALE","FEMALE","FEMALE","FEMALE","MALE","FEMALE","MALE","FEMALE"],"X_CALENDAR_YEAR":["2008","2008","2008","2008","2008","2009","2009","2009","2009","2009","2009","2009","2010","2010","2010"],"Y_PREVALENCE_1000PP":[0.13956,0.0644,0.0464,0.06961,0.22581,0.10461,0.05624,0.0672,0.04589,0.07748,0.31939,0.29922,0.04496,0.05437,0.58241]},"PREVALENCE_BY_MONTH":{"X_CALENDAR_MONTH":"200901","Y_PREVALENCE_1000PP":0.00921},"CONDITIONS_BY_TYPE":{"CONCEPT_NAME":[],"COUNT_VALUE":[]},"AGE_AT_FIRST_DIAGNOSIS":{"CATEGORY":["FEMALE","MALE"],"MIN_VALUE":[40,53],"P10_VALUE":[40,53],"P25_VALUE":[68,66],"MEDIAN_VALUE":[70,70],"P75_VALUE":[77,82],"P90_VALUE":[83,89],"MAX_VALUE":[83,89]}}
