{"PREVALENCE_BY_GENDER_AGE_YEAR":{"TRELLIS_NAME":["60-69","70-79","60-69"],"SERIES_NAME":["FEMALE","MALE","MALE"],"X_CALENDAR_YEAR":["2008","2010","2010"],"Y_PREVALENCE_1000PP":[0.0644,0.05437,0.10323]},"PREVALENCE_BY_MONTH":{"X_CALENDAR_MONTH":"201001","Y_PREVALENCE_1000PP":0.00934},"CONDITIONS_BY_TYPE":{"CONCEPT_NAME":[],"COUNT_VALUE":[]},"AGE_AT_FIRST_DIAGNOSIS":{"CATEGORY":["FEMALE","MALE"],"MIN_VALUE":[67,69],"P10_VALUE":[67,69],"P25_VALUE":[67,69],"MEDIAN_VALUE":[67,69],"P75_VALUE":[67,72],"P90_VALUE":[67,72],"MAX_VALUE":[67,72]}}
