{"PREVALENCE_BY_GENDER_AGE_YEAR":{"TRELLIS_NAME":["90-99","80-89","60-69"],"SERIES_NAME":["FEMALE","MALE","MALE"],"X_CALENDAR_YEAR":["2008","2009","2009"],"Y_PREVALENCE_1000PP":[0.25088,0.10461,0.08532]},"PREVALENCE_BY_MONTH":{"X_CALENDAR_MONTH":[],"Y_PREVALENCE_1000PP":[]},"CONDITIONS_BY_TYPE":{"CONCEPT_NAME":[],"COUNT_VALUE":[]},"AGE_AT_FIRST_DIAGNOSIS":{"CATEGORY":["FEMALE","MALE"],"MIN_VALUE":[99,68],"P10_VALUE":[99,68],"P25_VALUE":[99,68],"MEDIAN_VALUE":[99,68],"P75_VALUE":[99,84],"P90_VALUE":[99,84],"MAX_VALUE":[99,84]}}
