{"PREVALENCE_BY_GENDER_AGE_YEAR":{"TRELLIS_NAME":["80-89","70-79","80-89","90-99","60-69","90-99","70-79","80-89","70-79","80-89","60-69","70-79","30-39","80-89"],"SERIES_NAME":["MALE","FEMALE","FEMALE","FEMALE","MALE","MALE","MALE","MALE","FEMALE","FEMALE","FEMALE","FEMALE","FEMALE","FEMALE"],"X_CALENDAR_YEAR":["2008","2008","2008","2008","2008","2008","2009","2009","2009","2009","2009","2010","2010","2010"],"Y_PREVALENCE_1000PP":[0.11291,0.0928,0.06961,0.25088,0.13956,0.64851,0.22496,0.10461,0.22943,0.0672,0.23245,0.08993,1.19048,0.06502]},"PREVALENCE_BY_MONTH":{"X_CALENDAR_MONTH":["200801","200901"],"Y_PREVALENCE_1000PP":[0.01791,0.00921]},"CONDITIONS_BY_TYPE":{"CONCEPT_NAME":[],"COUNT_VALUE":[]},"AGE_AT_FIRST_DIAGNOSIS":{"CATEGORY":["FEMALE","MALE"],"MIN_VALUE":[38,65],"P10_VALUE":[63,65],"P25_VALUE":[70,70],"MEDIAN_VALUE":[74,72],"P75_VALUE":[79,81],"P90_VALUE":[89,98],"MAX_VALUE":[92,98]}}
