{"PREVALENCE_BY_GENDER_AGE_YEAR":{"TRELLIS_NAME":["50-59","70-79","80-89","70-79","80-89","60-69","90-99","60-69","60-69","80-89","90-99","70-79","80-89","70-79","50-59","40-49","70-79","80-89","80-89","70-79","50-59","90-99","100-109","60-69"],"SERIES_NAME":["MALE","FEMALE","FEMALE","MALE","MALE","MALE","MALE","FEMALE","MALE","MALE","FEMALE","MALE","FEMALE","FEMALE","MALE","MALE","MALE","MALE","FEMALE","FEMALE","MALE","FEMALE","FEMALE","FEMALE"],"X_CALENDAR_YEAR":["2008","2008","2008","2008","2008","2008","2008","2009","2009","2009","2009","2009","2009","2009","2009","2009","2010","2010","2010","2010","2010","2010","2010","2010"],"Y_PREVALENCE_1000PP":[0.27518,0.1856,0.13922,0.51538,0.11291,0.20934,0.64851,0.15497,0.08532,0.31384,0.87127,0.11248,0.2016,0.27532,0.29922,0.49188,0.10874,0.1944,0.06502,0.08993,0.31666,0.19102,1.2837,0.09473]},"PREVALENCE_BY_MONTH":{"X_CALENDAR_MONTH":["200901","201001"],"Y_PREVALENCE_1000PP":[0.01842,0.04669]},"CONDITIONS_BY_TYPE":{"CONCEPT_NAME":[],"COUNT_VALUE":[]},"AGE_AT_FIRST_DIAGNOSIS":{"CATEGORY":["FEMALE","MALE"],"MIN_VALUE":[62,40],"P10_VALUE":[69,56],"P25_VALUE":[74,65],"MEDIAN_VALUE":[79,75],"P75_VALUE":[86,78],"P90_VALUE":[98,84],"MAX_VALUE":[100,99]}}
