{"PREVALENCE_BY_GENDER_AGE_YEAR":{"TRELLIS_NAME":["80-89","70-79","90-99","60-69"],"SERIES_NAME":["FEMALE","FEMALE","MALE","FEMALE"],"X_CALENDAR_YEAR":["2009","2009","2009","2009"],"Y_PREVALENCE_1000PP":[0.0672,0.04589,0.52219,0.07748]},"PREVALENCE_BY_MONTH":{"X_CALENDAR_MONTH":[],"Y_PREVALENCE_1000PP":[]},"CONDITIONS_BY_TYPE":{"CONCEPT_NAME":[],"COUNT_VALUE":[]},"AGE_AT_FIRST_DIAGNOSIS":{"CATEGORY":["FEMALE","MALE"],"MIN_VALUE":[67,94],"P10_VALUE":[67,94],"P25_VALUE":[67,94],"MEDIAN_VALUE":[70,94],"P75_VALUE":[87,94],"P90_VALUE":[87,94],"MAX_VALUE":[87,94]}}
