{"PREVALENCE_BY_GENDER_AGE_YEAR":{"TRELLIS_NAME":["50-59","60-69","60-69","70-79","80-89","70-79","80-89","50-59","60-69","60-69","90-99","70-79","80-89","70-79","80-89","80-89","70-79","80-89","60-69","70-79","30-39"],"SERIES_NAME":["FEMALE","MALE","FEMALE","FEMALE","FEMALE","MALE","MALE","FEMALE","MALE","FEMALE","FEMALE","FEMALE","MALE","MALE","FEMALE","MALE","MALE","FEMALE","FEMALE","FEMALE","FEMALE"],"X_CALENDAR_YEAR":["2008","2008","2008","2008","2008","2008","2008","2009","2009","2009","2009","2009","2009","2009","2009","2010","2010","2010","2010","2010","2010"],"Y_PREVALENCE_1000PP":[0.30469,0.13956,0.0644,0.1392,0.27844,0.22906,0.11291,0.31939,0.17065,0.15497,0.21782,0.18355,0.41845,0.16872,0.2016,0.2916,0.10874,0.19507,0.09473,0.04496,1.19048]},"PREVALENCE_BY_MONTH":{"X_CALENDAR_MONTH":"201001","Y_PREVALENCE_1000PP":0.01867},"CONDITIONS_BY_TYPE":{"CONCEPT_NAME":[],"COUNT_VALUE":[]},"AGE_AT_FIRST_DIAGNOSIS":{"CATEGORY":["FEMALE","MALE"],"MIN_VALUE":[38,62],"P10_VALUE":[59,69],"P25_VALUE":[67,70],"MEDIAN_VALUE":[74,74],"P75_VALUE":[83,83],"P90_VALUE":[88,87],"MAX_VALUE":[90,88]}}
