{"PREVALENCE_BY_GENDER_AGE_YEAR":{"TRELLIS_NAME":["70-79","50-59","80-89","50-59","70-79","60-69","60-69","30-39","40-49","60-69","60-69","80-89","80-89","80-89","80-89"],"SERIES_NAME":["FEMALE","FEMALE","FEMALE","MALE","MALE","MALE","FEMALE","MALE","FEMALE","FEMALE","MALE","MALE","FEMALE","FEMALE","MALE"],"X_CALENDAR_YEAR":["2008","2008","2008","2008","2008","2008","2008","2009","2009","2009","2009","2009","2009","2010","2010"],"Y_PREVALENCE_1000PP":[0.0928,0.30469,0.06961,0.27518,0.17179,0.13956,0.1288,0.97943,0.53333,0.07748,0.25597,0.31384,0.1344,0.06502,0.0972]},"PREVALENCE_BY_MONTH":{"X_CALENDAR_MONTH":"200901","Y_PREVALENCE_1000PP":0.01842},"CONDITIONS_BY_TYPE":{"CONCEPT_NAME":[],"COUNT_VALUE":[]},"AGE_AT_FIRST_DIAGNOSIS":{"CATEGORY":["FEMALE","MALE"],"MIN_VALUE":[45,32],"P10_VALUE":[51,52],"P25_VALUE":[66,65],"MEDIAN_VALUE":[70,69],"P75_VALUE":[80,80],"P90_VALUE":[87,88],"MAX_VALUE":[89,89]}}
