{"PREVALENCE_BY_GENDER_AGE_YEAR":{"TRELLIS_NAME":["60-69","60-69","90-99","70-79","80-89","80-89","50-59","70-79","80-89","70-79","60-69","60-69","40-49","70-79","40-49","80-89","50-59","50-59","60-69","90-99","60-69","80-89","80-89","70-79","70-79"],"SERIES_NAME":["FEMALE","MALE","MALE","MALE","MALE","FEMALE","FEMALE","FEMALE","MALE","MALE","MALE","FEMALE","FEMALE","FEMALE","MALE","FEMALE","FEMALE","MALE","MALE","FEMALE","FEMALE","FEMALE","MALE","MALE","FEMALE"],"X_CALENDAR_YEAR":["2008","2008","2008","2008","2008","2008","2008","2008","2009","2009","2009","2009","2009","2009","2009","2009","2009","2009","2010","2010","2010","2010","2010","2010","2010"],"Y_PREVALENCE_1000PP":[0.322,0.41867,0.64851,0.17179,0.22581,0.20883,0.30469,0.1392,0.41845,0.16872,0.08532,0.23245,0.53333,0.36709,0.49188,0.0672,0.31939,0.29922,0.30969,0.38204,0.2842,0.45517,0.1944,0.16311,0.22482]},"PREVALENCE_BY_MONTH":{"X_CALENDAR_MONTH":["200801","200901","201001"],"Y_PREVALENCE_1000PP":[0.01791,0.00921,0.01867]},"CONDITIONS_BY_TYPE":{"CONCEPT_NAME":[],"COUNT_VALUE":[]},"AGE_AT_FIRST_DIAGNOSIS":{"CATEGORY":["FEMALE","MALE"],"MIN_VALUE":[40,41],"P10_VALUE":[62,60],"P25_VALUE":[68,67],"MEDIAN_VALUE":[73,73],"P75_VALUE":[82,81],"P90_VALUE":[88,83],"MAX_VALUE":[95,97]}}
