{"PREVALENCE_BY_GENDER_AGE_YEAR":{"TRELLIS_NAME":["90-99","60-69","80-89","60-69"],"SERIES_NAME":["FEMALE","FEMALE","FEMALE","MALE"],"X_CALENDAR_YEAR":["2008","2009","2009","2009"],"Y_PREVALENCE_1000PP":[0.25088,0.07748,0.0672,0.17065]},"PREVALENCE_BY_MONTH":{"X_CALENDAR_MONTH":"200901","Y_PREVALENCE_1000PP":0.00921},"CONDITIONS_BY_TYPE":{"CONCEPT_NAME":[],"COUNT_VALUE":[]},"AGE_AT_FIRST_DIAGNOSIS":{"CATEGORY":["FEMALE","MALE"],"MIN_VALUE":[62,64],"P10_VALUE":[62,64],"P25_VALUE":[62,64],"MEDIAN_VALUE":[89,64],"P75_VALUE":[95,68],"P90_VALUE":[95,68],"MAX_VALUE":[95,68]}}
