{"PREVALENCE_BY_GENDER_AGE_YEAR":{"TRELLIS_NAME":["70-79","80-89","50-59","80-89","70-79","60-69","80-89","70-79","80-89","60-69"],"SERIES_NAME":["FEMALE","FEMALE","FEMALE","MALE","FEMALE","FEMALE","FEMALE","MALE","MALE","MALE"],"X_CALENDAR_YEAR":["2008","2008","2008","2009","2009","2009","2010","2010","2010","2010"],"Y_PREVALENCE_1000PP":[0.0464,0.13922,0.30469,0.10461,0.04589,0.07748,0.06502,0.10874,0.0972,0.10323]},"PREVALENCE_BY_MONTH":{"X_CALENDAR_MONTH":"201001","Y_PREVALENCE_1000PP":0.00934},"CONDITIONS_BY_TYPE":{"CONCEPT_NAME":[],"COUNT_VALUE":[]},"AGE_AT_FIRST_DIAGNOSIS":{"CATEGORY":["FEMALE","MALE"],"MIN_VALUE":[53,68],"P10_VALUE":[53,68],"P25_VALUE":[67,70],"MEDIAN_VALUE":[73,79],"P75_VALUE":[88,80],"P90_VALUE":[89,88],"MAX_VALUE":[89,88]}}
