{"PREVALENCE_BY_GENDER_AGE_YEAR":{"TRELLIS_NAME":["70-79","80-89","20-29","80-89","80-89"],"SERIES_NAME":["MALE","FEMALE","FEMALE","FEMALE","MALE"],"X_CALENDAR_YEAR":["2008","2008","2008","2009","2009"],"Y_PREVALENCE_1000PP":[0.05726,0.06961,3.003,0.0672,0.10461]},"PREVALENCE_BY_MONTH":{"X_CALENDAR_MONTH":[],"Y_PREVALENCE_1000PP":[]},"CONDITIONS_BY_TYPE":{"CONCEPT_NAME":[],"COUNT_VALUE":[]},"AGE_AT_FIRST_DIAGNOSIS":{"CATEGORY":["FEMALE","MALE"],"MIN_VALUE":[28,71],"P10_VALUE":[28,71],"P25_VALUE":[28,71],"MEDIAN_VALUE":[82,71],"P75_VALUE":[83,82],"P90_VALUE":[83,82],"MAX_VALUE":[83,82]}}
