{"PREVALENCE_BY_GENDER_AGE_YEAR":{"TRELLIS_NAME":["80-89","80-89","90-99","80-89","70-79"],"SERIES_NAME":["MALE","FEMALE","FEMALE","FEMALE","MALE"],"X_CALENDAR_YEAR":["2008","2008","2009","2009","2010"],"Y_PREVALENCE_1000PP":[0.11291,0.06961,0.21782,0.0672,0.05437]},"PREVALENCE_BY_MONTH":{"X_CALENDAR_MONTH":["200901","201001"],"Y_PREVALENCE_1000PP":[0.00921,0.00934]},"CONDITIONS_BY_TYPE":{"CONCEPT_NAME":[],"COUNT_VALUE":[]},"AGE_AT_FIRST_DIAGNOSIS":{"CATEGORY":["FEMALE","MALE"],"MIN_VALUE":[83,77],"P10_VALUE":[83,77],"P25_VALUE":[83,77],"MEDIAN_VALUE":[87,77],"P75_VALUE":[98,84],"P90_VALUE":[98,84],"MAX_VALUE":[98,84]}}
