{"PREVALENCE_BY_GENDER_AGE_YEAR":{"TRELLIS_NAME":["70-79","60-69","80-89"],"SERIES_NAME":["FEMALE","MALE","FEMALE"],"X_CALENDAR_YEAR":["2009","2009","2010"],"Y_PREVALENCE_1000PP":[0.09177,0.08532,0.06502]},"PREVALENCE_BY_MONTH":{"X_CALENDAR_MONTH":"201001","Y_PREVALENCE_1000PP":0.00934},"CONDITIONS_BY_TYPE":{"CONCEPT_NAME":[],"COUNT_VALUE":[]},"AGE_AT_FIRST_DIAGNOSIS":{"CATEGORY":["FEMALE","MALE"],"MIN_VALUE":[71,67],"P10_VALUE":[71,67],"P25_VALUE":[71,67],"MEDIAN_VALUE":[71,67],"P75_VALUE":[87,67],"P90_VALUE":[87,67],"MAX_VALUE":[87,67]}}
