{"PREVALENCE_BY_GENDER_AGE_YEAR":{"TRELLIS_NAME":["60-69","60-69","90-99","80-89","70-79","80-89","70-79","70-79","80-89","60-69","60-69","80-89","70-79","50-59","30-39","60-69","70-79","80-89","70-79","80-89"],"SERIES_NAME":["MALE","FEMALE","FEMALE","MALE","MALE","FEMALE","FEMALE","MALE","MALE","MALE","FEMALE","FEMALE","FEMALE","FEMALE","MALE","FEMALE","FEMALE","FEMALE","MALE","MALE"],"X_CALENDAR_YEAR":["2008","2008","2008","2008","2008","2008","2008","2009","2009","2009","2009","2009","2009","2009","2010","2010","2010","2010","2010","2010"],"Y_PREVALENCE_1000PP":[0.20934,0.1932,0.25088,0.11291,0.17179,0.06961,0.1856,0.11248,0.20923,0.25597,0.07748,0.0672,0.09177,0.31939,1.04493,0.18947,0.04496,0.06502,0.10874,0.1944]},"PREVALENCE_BY_MONTH":{"X_CALENDAR_MONTH":["200801","200901","201001"],"Y_PREVALENCE_1000PP":[0.01791,0.00921,0.00934]},"CONDITIONS_BY_TYPE":{"CONCEPT_NAME":[],"COUNT_VALUE":[]},"AGE_AT_FIRST_DIAGNOSIS":{"CATEGORY":["FEMALE","MALE"],"MIN_VALUE":[53,34],"P10_VALUE":[65,60],"P25_VALUE":[67,61],"MEDIAN_VALUE":[70,72],"P75_VALUE":[79,80],"P90_VALUE":[84,84],"MAX_VALUE":[92,84]}}
