{"PREVALENCE_BY_GENDER_AGE_YEAR":{"TRELLIS_NAME":["60-69","60-69","90-99","70-79","80-89","100-109","60-69","90-99","60-69"],"SERIES_NAME":["MALE","MALE","MALE","FEMALE","FEMALE","FEMALE","MALE","FEMALE","FEMALE"],"X_CALENDAR_YEAR":["2008","2009","2009","2009","2009","2010","2010","2010","2010"],"Y_PREVALENCE_1000PP":[0.06978,0.08532,0.52219,0.04589,0.0672,1.2837,0.10323,0.19102,0.09473]},"PREVALENCE_BY_MONTH":{"X_CALENDAR_MONTH":"200901","Y_PREVALENCE_1000PP":0.00921},"CONDITIONS_BY_TYPE":{"CONCEPT_NAME":[],"COUNT_VALUE":[]},"AGE_AT_FIRST_DIAGNOSIS":{"CATEGORY":["FEMALE","MALE"],"MIN_VALUE":[69,67],"P10_VALUE":[69,67],"P25_VALUE":[78,67],"MEDIAN_VALUE":[82,68],"P75_VALUE":[91,68],"P90_VALUE":[101,90],"MAX_VALUE":[101,90]}}
