{"PREVALENCE_BY_GENDER_AGE_YEAR":{"TRELLIS_NAME":["70-79","80-89","70-79","60-69","40-49","80-89","70-79","80-89","60-69","60-69","80-89","60-69","90-99","40-49"],"SERIES_NAME":["FEMALE","MALE","MALE","FEMALE","MALE","FEMALE","FEMALE","MALE","MALE","FEMALE","MALE","FEMALE","FEMALE","FEMALE"],"X_CALENDAR_YEAR":["2008","2008","2008","2008","2008","2009","2009","2009","2009","2009","2010","2010","2010","2010"],"Y_PREVALENCE_1000PP":[0.1856,0.11291,0.05726,0.0644,0.44228,0.0672,0.27532,0.20923,0.08532,0.07748,0.0972,0.09473,0.19102,0.58241]},"PREVALENCE_BY_MONTH":{"X_CALENDAR_MONTH":["200801","200901"],"Y_PREVALENCE_1000PP":[0.00895,0.01842]},"CONDITIONS_BY_TYPE":{"CONCEPT_NAME":[],"COUNT_VALUE":[]},"AGE_AT_FIRST_DIAGNOSIS":{"CATEGORY":["FEMALE","MALE"],"MIN_VALUE":[47,49],"P10_VALUE":[61,49],"P25_VALUE":[69,69],"MEDIAN_VALUE":[75,84],"P75_VALUE":[77,86],"P90_VALUE":[85,86],"MAX_VALUE":[97,86]}}
