{"PREVALENCE_BY_GENDER_AGE_YEAR":{"TRELLIS_NAME":["70-79","70-79","80-89","60-69","90-99","60-69","40-49","50-59","70-79","80-89","70-79","80-89","60-69","90-99","80-89","70-79","80-89","70-79"],"SERIES_NAME":["MALE","FEMALE","FEMALE","FEMALE","FEMALE","MALE","FEMALE","FEMALE","MALE","MALE","FEMALE","FEMALE","FEMALE","FEMALE","FEMALE","FEMALE","MALE","MALE"],"X_CALENDAR_YEAR":["2008","2008","2008","2008","2008","2008","2008","2008","2009","2009","2009","2009","2009","2009","2010","2010","2010","2010"],"Y_PREVALENCE_1000PP":[0.05726,0.1856,0.13922,0.0644,0.25088,0.20934,0.49727,0.30469,0.11248,0.20923,0.18355,0.2688,0.15497,0.21782,0.06502,0.08993,0.0972,0.05437]},"PREVALENCE_BY_MONTH":{"X_CALENDAR_MONTH":["200801","200901"],"Y_PREVALENCE_1000PP":[0.01791,0.02764]},"CONDITIONS_BY_TYPE":{"CONCEPT_NAME":[],"COUNT_VALUE":[]},"AGE_AT_FIRST_DIAGNOSIS":{"CATEGORY":["FEMALE","MALE"],"MIN_VALUE":[49,65],"P10_VALUE":[65,65],"P25_VALUE":[71,69],"MEDIAN_VALUE":[76,72],"P75_VALUE":[81,81],"P90_VALUE":[87,83],"MAX_VALUE":[94,89]}}
