{"PREVALENCE_BY_GENDER_AGE_YEAR":{"TRELLIS_NAME":["70-79","60-69","80-89","90-99","80-89","70-79","90-99","50-59","60-69","40-49","50-59","30-39","90-99","100-109","60-69","90-99","80-89","70-79","70-79","80-89","60-69","40-49","80-89","70-79","80-89","50-59","40-49","70-79"],"SERIES_NAME":["FEMALE","FEMALE","FEMALE","FEMALE","MALE","MALE","MALE","MALE","MALE","FEMALE","MALE","MALE","FEMALE","FEMALE","MALE","MALE","FEMALE","FEMALE","MALE","MALE","MALE","FEMALE","FEMALE","FEMALE","MALE","FEMALE","MALE","MALE"],"X_CALENDAR_YEAR":["2008","2008","2008","2008","2008","2008","2008","2008","2008","2009","2009","2009","2009","2009","2009","2009","2009","2009","2009","2009","2010","2010","2010","2010","2010","2010","2010","2010"],"Y_PREVALENCE_1000PP":[0.1856,0.0644,0.34804,0.25088,0.33872,0.17179,0.64851,0.55036,0.20934,0.53333,0.29922,0.97943,0.21782,2.53807,0.08532,0.52219,0.1344,0.13766,0.22496,0.10461,0.10323,0.58241,0.39014,0.17986,0.0972,0.33887,1.07296,0.32621]},"PREVALENCE_BY_MONTH":{"X_CALENDAR_MONTH":["200801","201001"],"Y_PREVALENCE_1000PP":[0.00895,0.01867]},"CONDITIONS_BY_TYPE":{"CONCEPT_NAME":[],"COUNT_VALUE":[]},"AGE_AT_FIRST_DIAGNOSIS":{"CATEGORY":["FEMALE","MALE"],"MIN_VALUE":[40,30],"P10_VALUE":[67,52],"P25_VALUE":[73,66],"MEDIAN_VALUE":[80,71],"P75_VALUE":[86,79],"P90_VALUE":[89,87],"MAX_VALUE":[100,92]}}
