{"PREVALENCE_BY_GENDER_AGE_YEAR":{"TRELLIS_NAME":["50-59","30-39"],"SERIES_NAME":["FEMALE","MALE"],"X_CALENDAR_YEAR":["2008","2009"],"Y_PREVALENCE_1000PP":[0.30469,0.97943]},"PREVALENCE_BY_MONTH":{"X_CALENDAR_MONTH":[],"Y_PREVALENCE_1000PP":[]},"CONDITIONS_BY_TYPE":{"CONCEPT_NAME":[],"COUNT_VALUE":[]},"AGE_AT_FIRST_DIAGNOSIS":{"CATEGORY":["FEMALE","MALE"],"MIN_VALUE":[51,36],"P10_VALUE":[51,36],"P25_VALUE":[51,36],"MEDIAN_VALUE":[51,36],"P75_VALUE":[51,36],"P90_VALUE":[51,36],"MAX_VALUE":[51,36]}}
