{"PREVALENCE_BY_GENDER_AGE_YEAR":{"TRELLIS_NAME":["70-79","50-59","90-99","80-89","70-79","50-59","100-109","70-79"],"SERIES_NAME":["FEMALE","FEMALE","FEMALE","FEMALE","MALE","MALE","FEMALE","MALE"],"X_CALENDAR_YEAR":["2008","2009","2009","2009","2009","2010","2010","2010"],"Y_PREVALENCE_1000PP":[0.0464,0.31939,0.21782,0.0672,0.11248,0.31666,1.2837,0.05437]},"PREVALENCE_BY_MONTH":{"X_CALENDAR_MONTH":[],"Y_PREVALENCE_1000PP":[]},"CONDITIONS_BY_TYPE":{"CONCEPT_NAME":[],"COUNT_VALUE":[]},"AGE_AT_FIRST_DIAGNOSIS":{"CATEGORY":["FEMALE","MALE"],"MIN_VALUE":[51,51],"P10_VALUE":[51,51],"P25_VALUE":[76,51],"MEDIAN_VALUE":[80,75],"P75_VALUE":[99,75],"P90_VALUE":[101,77],"MAX_VALUE":[101,77]}}
