{"PREVALENCE_BY_GENDER_AGE_YEAR":{"TRELLIS_NAME":["40-49","60-69","90-99","60-69","90-99","70-79","80-89","70-79","80-89","70-79","80-89","90-99","70-79","60-69","90-99","60-69","40-49","50-59","40-49","80-89","70-79","80-89","70-79","80-89","60-69","90-99","50-59","60-69","50-59"],"SERIES_NAME":["MALE","FEMALE","FEMALE","MALE","MALE","MALE","MALE","FEMALE","FEMALE","MALE","MALE","MALE","FEMALE","MALE","FEMALE","FEMALE","FEMALE","FEMALE","MALE","FEMALE","MALE","MALE","FEMALE","FEMALE","FEMALE","FEMALE","MALE","MALE","FEMALE"],"X_CALENDAR_YEAR":["2008","2008","2008","2008","2008","2008","2008","2008","2008","2009","2009","2009","2009","2009","2009","2009","2009","2009","2009","2009","2010","2010","2010","2010","2010","2010","2010","2010","2010"],"Y_PREVALENCE_1000PP":[0.44228,0.3864,0.50176,0.34889,0.64851,0.22906,0.22581,0.3248,0.13922,0.33744,0.52307,1.04439,0.50475,0.42662,0.65345,0.4649,1.06667,0.31939,0.49188,0.2688,0.32621,0.3888,0.40468,0.13005,0.2842,0.19102,0.31666,0.20646,0.33887]},"PREVALENCE_BY_MONTH":{"X_CALENDAR_MONTH":["200801","200901","201001"],"Y_PREVALENCE_1000PP":[0.02686,0.04606,0.01867]},"CONDITIONS_BY_TYPE":{"CONCEPT_NAME":[],"COUNT_VALUE":[]},"AGE_AT_FIRST_DIAGNOSIS":{"CATEGORY":["FEMALE","MALE"],"MIN_VALUE":[42,44],"P10_VALUE":[65,61],"P25_VALUE":[69,69],"MEDIAN_VALUE":[73,74],"P75_VALUE":[79,81],"P90_VALUE":[87,86],"MAX_VALUE":[98,94]}}
