{"PREVALENCE_BY_GENDER_AGE_YEAR":{"TRELLIS_NAME":["70-79","70-79","60-69","60-69","70-79","30-39"],"SERIES_NAME":["FEMALE","MALE","FEMALE","MALE","FEMALE","FEMALE"],"X_CALENDAR_YEAR":["2008","2008","2008","2008","2009","2010"],"Y_PREVALENCE_1000PP":[0.0928,0.11453,0.0644,0.06978,0.09177,1.19048]},"PREVALENCE_BY_MONTH":{"X_CALENDAR_MONTH":[],"Y_PREVALENCE_1000PP":[]},"CONDITIONS_BY_TYPE":{"CONCEPT_NAME":[],"COUNT_VALUE":[]},"AGE_AT_FIRST_DIAGNOSIS":{"CATEGORY":["FEMALE","MALE"],"MIN_VALUE":[35,60],"P10_VALUE":[35,60],"P25_VALUE":[68,60],"MEDIAN_VALUE":[72,76],"P75_VALUE":[72,78],"P90_VALUE":[75,78],"MAX_VALUE":[75,78]}}
