{"PREVALENCE_BY_GENDER_AGE_YEAR":{"TRELLIS_NAME":["60-69","70-79","90-99","30-39"],"SERIES_NAME":["MALE","FEMALE","FEMALE","MALE"],"X_CALENDAR_YEAR":["2008","2009","2010","2010"],"Y_PREVALENCE_1000PP":[0.06978,0.04589,0.38204,1.04493]},"PREVALENCE_BY_MONTH":{"X_CALENDAR_MONTH":["200901","201001"],"Y_PREVALENCE_1000PP":[0.00921,0.00934]},"CONDITIONS_BY_TYPE":{"CONCEPT_NAME":[],"COUNT_VALUE":[]},"AGE_AT_FIRST_DIAGNOSIS":{"CATEGORY":["FEMALE","MALE"],"MIN_VALUE":[70,37],"P10_VALUE":[70,37],"P25_VALUE":[70,37],"MEDIAN_VALUE":[91,37],"P75_VALUE":[91,65],"P90_VALUE":[91,65],"MAX_VALUE":[91,65]}}
