{"PREVALENCE_BY_GENDER_AGE_YEAR":{"TRELLIS_NAME":["30-39","80-89"],"SERIES_NAME":["MALE","FEMALE"],"X_CALENDAR_YEAR":["2009","2009"],"Y_PREVALENCE_1000PP":[0.97943,0.0672]},"PREVALENCE_BY_MONTH":{"X_CALENDAR_MONTH":[],"Y_PREVALENCE_1000PP":[]},"CONDITIONS_BY_TYPE":{"CONCEPT_NAME":[],"COUNT_VALUE":[]},"AGE_AT_FIRST_DIAGNOSIS":{"CATEGORY":["FEMALE","MALE"],"MIN_VALUE":[84,31],"P10_VALUE":[84,31],"P25_VALUE":[84,31],"MEDIAN_VALUE":[84,31],"P75_VALUE":[84,31],"P90_VALUE":[84,31],"MAX_VALUE":[84,31]}}
