{"PREVALENCE_BY_GENDER_AGE_YEAR":{"TRELLIS_NAME":["80-89","70-79","40-49","80-89","70-79","50-59","60-69","90-99","90-99","60-69","90-99","60-69","90-99","40-49","70-79","80-89","70-79","50-59","60-69","80-89","60-69","30-39","50-59","90-99","100-109","70-79","80-89","70-79"],"SERIES_NAME":["MALE","MALE","MALE","FEMALE","FEMALE","FEMALE","MALE","MALE","FEMALE","FEMALE","MALE","FEMALE","FEMALE","MALE","MALE","FEMALE","FEMALE","FEMALE","MALE","MALE","MALE","MALE","FEMALE","FEMALE","MALE","MALE","FEMALE","FEMALE"],"X_CALENDAR_YEAR":["2008","2008","2008","2008","2008","2008","2008","2008","2008","2008","2009","2009","2009","2009","2009","2009","2009","2009","2009","2009","2010","2010","2010","2010","2010","2010","2010","2010"],"Y_PREVALENCE_1000PP":[0.22581,0.28632,0.44228,0.06961,0.0928,0.30469,0.06978,0.64851,0.50176,0.5152,0.52219,0.38742,0.87127,0.49188,0.16872,0.336,0.22943,0.31939,0.08532,0.20923,0.10323,1.04493,0.33887,0.38204,3.83142,0.21747,0.26009,0.17986]},"PREVALENCE_BY_MONTH":{"X_CALENDAR_MONTH":["200801","200901","201001"],"Y_PREVALENCE_1000PP":[0.01791,0.03685,0.03735]},"CONDITIONS_BY_TYPE":{"CONCEPT_NAME":[],"COUNT_VALUE":[]},"AGE_AT_FIRST_DIAGNOSIS":{"CATEGORY":["FEMALE","MALE"],"MIN_VALUE":[50,34],"P10_VALUE":[65,48],"P25_VALUE":[68,70],"MEDIAN_VALUE":[76,75],"P75_VALUE":[86,83],"P90_VALUE":[93,90],"MAX_VALUE":[99,100]}}
