{"PREVALENCE_BY_GENDER_AGE_YEAR":{"TRELLIS_NAME":["50-59","40-49","80-89","50-59","70-79","80-89","60-69","90-99","60-69","70-79","80-89","60-69","90-99","60-69","80-89","70-79","50-59","50-59","30-39","80-89","70-79","80-89","70-79","60-69","50-59","90-99","60-69","40-49"],"SERIES_NAME":["MALE","FEMALE","MALE","FEMALE","FEMALE","FEMALE","FEMALE","FEMALE","MALE","FEMALE","FEMALE","FEMALE","FEMALE","MALE","MALE","MALE","MALE","FEMALE","MALE","MALE","FEMALE","FEMALE","MALE","MALE","FEMALE","FEMALE","FEMALE","MALE"],"X_CALENDAR_YEAR":["2008","2008","2008","2008","2008","2008","2008","2008","2008","2009","2009","2009","2009","2009","2009","2009","2009","2009","2009","2010","2010","2010","2010","2010","2010","2010","2010","2010"],"Y_PREVALENCE_1000PP":[0.27518,0.49727,0.56453,0.60938,0.2784,0.27844,0.1932,0.25088,0.27912,0.36709,0.4704,0.15497,0.21782,0.17065,0.10461,0.05624,0.89767,0.63877,1.95886,0.2916,0.08993,0.13005,0.27184,0.20646,0.33887,0.19102,0.09473,1.07296]},"PREVALENCE_BY_MONTH":{"X_CALENDAR_MONTH":["200801","200901","201001"],"Y_PREVALENCE_1000PP":[0.02686,0.02764,0.02801]},"CONDITIONS_BY_TYPE":{"CONCEPT_NAME":[],"COUNT_VALUE":[]},"AGE_AT_FIRST_DIAGNOSIS":{"CATEGORY":["FEMALE","MALE"],"MIN_VALUE":[49,37],"P10_VALUE":[58,46],"P25_VALUE":[68,58],"MEDIAN_VALUE":[76,69],"P75_VALUE":[82,80],"P90_VALUE":[88,83],"MAX_VALUE":[99,87]}}
