{"CONCEPT_ID":["chest pain","insomnia","nasopharyngitis","urinary tract infection","dizziness","hypertension","neutropenia","pneumonia","alopecia","anaemia","anxiety","influenza","bone pain","constipation","decreased appetite","fall","hyperglycaemia","abdominal pain","asthenia","depression","hypotension","pyrexia","upper respiratory tract infection","weight decreased","cardiac failure congestive","cough","diarrhoea","musculoskeletal pain","thrombocytopenia","vertigo","vomiting","bronchitis","cardiac failure","dyspnoea","fatigue","arthralgia","back pain","headache","hypocalcaemia","nausea","rash"],"CONCEPT_PATH":["chest pain","insomnia","nasopharyngitis","urinary tract infection","dizziness","hypertension","neutropenia","pneumonia","alopecia","anaemia","anxiety","influenza","bone pain","constipation","decreased appetite","fall","hyperglycaemia","abdominal pain","asthenia","depression","hypotension","pyrexia","upper respiratory tract infection","weight decreased","cardiac failure congestive","cough","diarrhoea","musculoskeletal pain","thrombocytopenia","vertigo","vomiting","bronchitis","cardiac failure","dyspnoea","fatigue","arthralgia","back pain","headache","hypocalcaemia","nausea","rash"],"NUM_PERSONS":[798,842,2499,1682,1740,808,3252,823,852,5810,866,801,808,3293,904,824,864,1721,2507,854,851,2496,1651,756,754,2528,4124,823,2519,836,3269,806,839,2621,4138,3361,4096,2516,842,6801,825],"PERCENT_PERSONS":[0.009975,0.010525,0.0312375,0.021025,0.02175,0.0101,0.04065,0.0102875,0.01065,0.072625,0.010825,0.0100125,0.0101,0.0411625,0.0113,0.0103,0.0108,0.0215125,0.0313375,0.010675,0.0106375,0.0312,0.0206375,0.00945,0.009425,0.0316,0.05155,0.0102875,0.0314875,0.01045,0.0408625,0.010075,0.0104875,0.0327625,0.051725,0.0420125,0.0512,0.03145,0.010525,0.0850125,0.0103125],"RECORDS_PER_PERSON":[1,1,1,1,1,1,1,1,1,1,1,1,1,1,1,1,1,1,1,1,1,1,1,1,1,1,1,1,1,1,1,1,1,1,1,1,1,1,1,1,1]}
